20070102,18633,18880,17991,18188,1661573
20070103,18090,18188,17200,17348,1981278
20070104,17398,17546,16903,16953,1646327
20070105,17002,17694,16805,17645,1711307
20070108,17348,17744,17299,17595,685671
20070109,17595,18139,17348,18040,908201
20070110,17991,17991,17299,17546,737297
20070111,17546,17645,17101,17299,1285398
20070112,17398,17546,17150,17546,1356547
20070115,17744,17744,16805,16854,1224724
20070116,16805,16805,16162,16607,853935
20070117,16607,17002,16459,16557,655300
20070118,16706,17052,16607,16706,997918
20070119,16755,17002,16607,16805,1490547
20070122,17002,17299,16953,17249,1335618
20070123,17002,17348,16903,17249,508146
20070124,17299,17595,17101,17595,1070983
20070125,17595,17793,17348,17793,683300
20070126,17496,17793,17299,17793,521182
20070129,17892,18139,17645,17744,636967
20070130,17991,18139,17793,18090,566879
20070131,18090,18090,17348,17595,1030937
20070201,17694,17991,17447,17991,478410
20070202,17991,18287,17744,18287,968032
20070205,18337,18683,17892,18090,1211723
20070206,17694,18090,17595,18090,1046362
20070207,17991,18485,17793,18238,937191
20070208,18188,18436,18139,18436,793414
20070209,18436,18732,18436,18683,581429
20070212,18633,18633,18238,18485,477517
20070213,18584,19375,18485,19177,1202038
20070214,19375,19770,19226,19770,1719244
20070215,19819,20017,19473,20017,754246
20070216,19869,19968,19177,19721,982493
20070220,19375,19572,19078,19177,465734
20070221,19078,19127,18683,19127,641872
20070222,18880,19721,18880,19671,813285
20070223,19671,20017,19473,19918,1006930
20070226,19918,19918,19473,19770,627821
20070227,19572,19671,19078,19276,781593
20070228,18287,18880,18139,18880,962581
20070302,18584,18633,18040,18188,1199676
20070305,17991,18040,17052,17299,1451296
20070306,17150,17744,17052,17744,1164957
20070307,18040,18979,17991,18732,2189054
20070308,18782,19523,18584,19375,1905613
20070309,19671,19819,19325,19523,1459494
20070312,19770,19770,19473,19721,596419
20070313,19721,19721,19127,19572,582395
20070314,18930,19078,18485,18683,884847
20070315,18782,19078,18534,19078,786415
20070316,19078,19078,18633,18979,640512
20070319,18633,19127,18633,19029,714540
20070320,19078,19127,18880,18880,511702
20070321,18979,19177,18584,18880,719463
20070322,18930,19226,18782,19078,532341
20070323,18979,19375,18979,19375,442997
20070326,19375,19671,19276,19523,619850
20070327,19473,19572,19127,19276,590487
20070328,19127,19325,18633,18782,577267
20070329,18683,18979,18436,18831,1124159
20070330,18782,18880,18287,18485,1638278
20070402,18436,18534,18188,18287,959603
20070403,18188,18386,18139,18287,908362
20070404,18386,18782,18287,18584,1156708
20070405,18485,18880,18436,18880,1155331
20070406,18930,19029,18584,18633,822157
20070409,18782,19572,18782,19473,2389012
20070410,19622,20462,19226,20067,2997567
20070411,20660,21846,20660,21500,3808404
20070412,21747,22390,21352,21747,2250824
20070413,21796,22192,21253,21549,1463363
20070416,21698,22340,21450,21796,1221734
20070417,21994,22736,21401,22439,2248050
20070418,22637,24070,22538,23625,2477357
20070419,24218,24268,23279,24218,2627249
20070420,24218,24663,23922,24515,1556902
20070423,24268,24614,23526,24317,2004152
20070424,24564,25207,23823,23823,1821080
20070425,23971,24119,23526,24021,1115055
20070426,24218,24465,23378,23378,889416
20070427,23131,23131,22241,22340,959458
20070430,22439,23131,22439,23131,804917
20070502,23724,23971,22983,23625,1189150
20070503,23675,23922,23526,23773,644481
20070504,23625,23724,23230,23625,902265
20070507,23526,24070,23329,24021,804775
20070508,23872,24119,23378,23378,715579
20070509,23526,24021,23329,23922,867066
20070510,23724,24515,23526,23576,1329574
20070511,23576,23872,23081,23427,738480
20070514,23329,23675,22834,23427,775651
20070515,23081,23872,22933,23427,692051
20070516,23724,24811,23526,24762,1493703
20070517,25009,25454,24416,25207,1582585
20070518,25355,25800,25009,25701,891861
20070521,25750,26887,25701,26344,1574755
20070522,27085,29754,26591,27876,3431733
20070523,28419,28419,27283,28172,2177871
20070525,27184,28172,27184,27579,1406026
20070528,27579,27925,26541,26838,1556816
20070529,27035,27184,26294,26344,1678871
20070530,26739,27579,26442,26838,2114911
20070531,27727,28469,27480,27925,2721743
20070601,28271,28568,27233,27332,2195226
20070604,27233,27629,26591,26887,1660345
20070605,26887,27480,26047,27480,1528249
20070607,27233,28518,26788,27579,2069415
20070608,27134,27381,26096,26096,1638921
20070611,26146,26541,24762,24762,2585372
20070612,24465,25454,24317,25404,2014742
20070613,24811,25404,24614,24614,1464697
20070614,24960,26393,24663,26393,2540146
20070615,26393,27134,25750,25750,1826876
20070618,25998,26887,25355,26838,1833172
20070619,27233,28123,26739,27480,2298838
20070620,27727,27777,26047,26690,1661731
20070621,26195,27035,25948,26492,1064814
20070622,25701,26541,25553,25849,1765991
20070625,25207,26640,25207,26492,1038248
20070626,26195,26690,26047,26442,1185836
20070627,26096,26690,25404,25849,816686
20070628,25849,26986,25849,26640,1082201
20070629,26788,26887,26195,26195,865850
20070702,25948,26690,25849,26640,725935
20070703,27184,28024,26640,27480,2660842
20070704,27925,28321,27233,28172,2073885
20070705,28172,29309,27579,28568,2229887
20070706,28864,29062,28271,28667,1531025
20070709,28469,29408,28222,29062,2291020
20070710,29556,29853,28321,28469,2257295
20070711,28123,28864,28024,28024,913793
20070712,28073,28469,27431,28073,1208917
20070713,28568,29260,28123,28419,2286732
20070716,28419,28765,27579,28123,1377798
20070718,28617,29358,28222,28370,1835322
20070719,28963,29853,28765,28864,2216034
20070720,29309,29853,29012,29704,1706261
20070723,29704,29803,28617,29161,1633362
20070724,29358,29358,27925,28123,1626548
20070725,27480,27925,27332,27826,1742657
20070726,27876,28518,27431,27431,1390957
20070727,26492,27035,26096,26887,1705360
20070730,26442,27085,25899,26937,1542462
20070731,26986,27530,26442,27431,2184553
20070801,27283,27629,25701,25701,1604205
20070802,26294,26788,24218,26541,2130465
20070803,26788,27134,26146,26344,872465
20070806,25701,25998,25454,25750,551659
20070807,26195,26640,25948,26591,885136
20070808,26887,27431,26640,27184,1052930
20070809,27579,27826,26690,26690,1132235
20070810,25553,26393,25454,25701,1230862
20070813,25998,26195,24663,25207,1101679
20070814,25404,27035,25306,25701,2277542
20070816,24910,25108,23823,24614,1899877
20070817,25009,25108,23081,23329,1526621
20070820,24268,25306,24021,25009,1209461
20070821,25207,26442,25009,25800,1276098
20070822,26195,27184,26047,26986,1490973
20070823,28024,28271,27332,27332,1451072
20070824,27629,28765,26739,27184,3840452
20070827,27678,27975,26690,26788,1726249
20070828,26937,27184,26344,27184,1390375
20070829,26195,26591,25998,26294,1833728
20070830,26788,26887,26096,26096,1213914
20070831,26146,26591,26047,26591,1055993
20070903,27085,27579,26739,26887,1330435
20070904,26838,27381,26442,27085,1328369
20070905,27283,27727,26195,26690,2257795
20070906,26541,27184,26294,26788,1487417
20070907,26838,26838,25800,25948,1310092
20070910,25306,25800,25108,25404,1135330
20070911,25454,25503,24960,25108,911814
20070912,25306,25948,24861,24910,1021275
20070913,25207,25306,23823,25207,2464336
20070914,25306,25454,24811,25108,2475624
20070917,25404,25553,24663,25009,1874733
20070918,25009,25009,24416,24515,1082616
20070919,25207,25998,24762,25800,3109297
20070920,25602,26442,25404,26393,1455977
20070921,26344,26887,26047,26640,1080949
20070927,26690,26739,25948,26442,1211777
20070928,26294,26294,25701,25948,1078561
20071001,25800,26294,25602,26047,781467
20071002,26344,27184,25899,27184,2694916
20071004,27134,27431,26788,27184,1679821
20071005,27629,27925,26838,27184,1794371
20071008,27579,28024,27332,27777,1896149
20071009,27975,27975,27134,27876,1024477
20071010,27975,28073,27530,27678,1085953
20071011,27480,27678,26690,27480,1115651
20071012,27184,27184,26541,26690,1644524
20071015,26838,26986,26047,26640,1432183
20071016,26393,27579,26294,27035,2633967
20071017,27480,28222,26690,27085,3291065
20071018,27283,27431,25998,26640,1912143
20071019,26294,26344,25454,25602,1637817
20071022,23922,24614,23872,24515,1442016
20071023,24910,25058,24218,24910,1513265
20071024,25157,25998,24811,24861,2254546
20071025,25503,25899,24861,25503,1818614
20071026,25948,26096,25404,26096,1519293
20071029,26393,26393,25602,26096,1136082
20071030,25750,26047,24910,25009,1211751
20071031,24960,25652,24960,25503,647673
20071101,25948,25948,25108,25553,857488
20071102,24861,25207,24119,24268,1360823
20071105,24268,25355,24021,24515,833762
20071106,24515,24910,24070,24515,1150558
20071107,24910,24910,24119,24119,1181295
20071108,23971,26788,23773,25701,4539855
20071109,25701,25701,25701,25701,0
20071112,25701,25701,25701,25701,0
20071113,25701,25701,25701,25701,0
20071114,25701,25701,25701,25701,0
20071115,25701,25701,25701,25701,0
20071116,25701,25701,25701,25701,0
20071119,25701,25701,25701,25701,0
20071120,25701,25701,25701,25701,0
20071121,25701,25701,25701,25701,0
20071122,25701,25701,25701,25701,0
20071123,25701,25701,25701,25701,0
20071126,25701,25701,25701,25701,0
20071127,25701,25701,25701,25701,0
20071128,25701,25701,25701,25701,0
20071129,25701,25701,25701,25701,0
20071130,25701,25701,25701,25701,0
20071203,25701,25701,25701,25701,0
20071204,25701,25701,25701,25701,0
20071205,25701,25701,25701,25701,0
20071206,25701,25701,25701,25701,0
20071207,28550,28750,26800,26800,5791380
20071210,27200,27950,26000,26000,2324376
20071211,26500,26800,26000,26150,1460574
20071212,25650,26600,25600,26250,1595741
20071213,26300,26550,25400,25400,2275868
20071214,26000,27050,25800,26450,1987817
20071217,26350,27050,26200,26400,1155037
20071218,26350,26850,26150,26550,1393854
20071220,26800,27050,25700,25700,1671902
20071221,25800,25900,25000,25050,1328390
20071224,25300,25650,25200,25500,694231
20071226,25550,25650,25150,25500,607616
20071227,25300,25500,25050,25200,608786
20071228,25000,25000,24300,24700,1063322
20080102,25000,26250,24900,25500,1941668
20080103,25300,25900,25100,25650,842635
20080104,25650,26500,25200,26150,1378822
20080107,25500,26300,25450,26000,792080
20080108,26050,26300,25700,25900,801826
20080109,25350,25850,25050,25850,808097
20080110,25850,25900,25250,25300,897461
20080111,25450,25450,24500,24700,874156
20080114,24400,25000,23550,24050,1356304
20080115,24050,24400,23000,23000,1066865
20080116,22550,23200,22150,22400,1090747
20080117,22400,22600,19050,20050,7171128
20080118,19750,20350,18950,19800,3343915
20080121,19850,20450,19200,19350,2337712
20080122,18300,18550,17200,17950,2358650
20080123,18650,19750,18300,18650,1863064
20080124,19150,19500,18500,19250,1688537
20080125,19350,19450,18750,18850,1190295
20080128,18600,18650,17450,17500,1287016
20080129,18100,18150,16850,16950,1718120
20080130,17250,17300,15800,15950,1940828
20080131,15800,16600,15650,16600,1463262
20080201,16850,17200,16300,16750,946078
20080204,17050,18600,17050,18200,2004123
20080205,18000,18400,17650,18200,878482
20080211,17500,17500,17150,17350,624571
20080212,17600,17750,17100,17100,461340
20080213,17250,17400,16500,16500,706894
20080214,17000,17600,16900,17300,1054655
20080215,17050,17450,16900,17400,534509
20080218,17650,18850,17550,18600,2042775
20080219,19050,19100,18500,18600,1097696
20080220,18700,19950,18650,19600,2713930
20080221,20000,20250,19500,19700,1294118
20080222,19700,19900,18750,19050,1016377
20080225,19450,19550,19200,19350,585290
20080226,19600,19600,19150,19550,650290
20080227,19800,20550,19800,20150,1383769
20080228,20350,20600,20000,20400,1174563
20080229,20400,21000,20000,20500,1502533
20080303,20000,22500,19650,20800,2830377
20080304,21600,22500,21200,21900,3323318
20080305,22400,22650,21650,21700,1575229
20080306,21900,22450,21400,21800,978371
20080307,21200,21350,20750,20750,1266713
20080310,20000,21500,19950,20500,1363941
20080311,20350,21100,20300,20500,1003983
20080312,21100,21100,19950,20100,1193292
20080313,20050,20500,19350,19800,907139
20080314,19900,20300,19350,19700,874373
20080317,19600,19600,18600,19300,1003702
20080318,19300,19700,18950,19000,871713
20080319,19500,20200,19450,19700,870803
20080320,19400,19850,19250,19550,483158
20080321,19850,20150,19850,20000,506320
20080324,20350,20650,20100,20450,455269
20080325,20650,21100,20550,20850,605478
20080326,20950,21150,20550,21150,833085
20080327,20750,21300,20750,21000,524037
20080328,21300,22300,21200,21750,1000019
20080331,21700,21850,21400,21600,595322
20080401,21500,21600,21000,21400,618050
20080402,21650,22150,21600,21750,843975
20080403,21800,21950,21400,21500,558128
20080404,21350,21650,21050,21350,428990
20080407,21350,21750,21000,21550,635952
20080408,21700,22300,21550,21550,1013157
20080410,21800,21900,21100,21500,812817
20080411,21500,21700,20950,21000,584373
20080414,20500,20850,20500,20750,436654
20080415,20500,21450,20350,20400,755622
20080416,20700,20950,20600,20600,342354
20080417,20800,21000,20200,20300,544109
20080418,20200,20300,19800,19850,1111671
20080421,20000,20350,19800,19950,1703719
20080422,19750,19950,18750,18750,3569073
20080423,18650,19050,18300,18600,2729904
20080424,18800,19000,18200,18200,2040769
20080425,18050,18200,17700,17950,1926864
20080428,18100,18250,17400,17600,1796649
20080429,17700,18100,17300,17450,1698247
20080430,17550,17800,17200,17800,1328948
20080502,18000,18100,17700,17900,1112141
20080506,18000,18150,17800,18100,1008307
20080507,18000,18150,17450,17500,2340407
20080508,17350,17650,17200,17350,1516378
20080509,17450,17650,17250,17250,1728915
20080513,17350,17800,17250,17800,1319775
20080514,17850,18050,17650,17900,1146114
20080515,18000,18150,17750,18100,1851795
20080516,18150,18200,17800,17900,1295919
20080519,18000,18050,17500,17600,1291869
20080520,17650,17900,17650,17850,959091
20080521,17700,18100,17600,17650,1098581
20080522,17450,17500,17100,17350,796400
20080523,17300,17350,16850,17150,968031
20080526,17000,17650,17000,17150,884238
20080527,17250,17350,16950,17050,727179
20080528,17150,17250,16750,17000,804198
20080529,17100,17650,17000,17400,1094516
20080530,17600,18100,17350,18000,1849884
20080602,18100,18150,17650,17800,550385
20080603,17650,17700,17200,17250,782711
20080604,17100,17350,17050,17350,415450
20080605,17250,17500,17100,17500,709923
20080609,16900,17800,16800,17750,989743
20080610,17700,17750,17300,17750,756686
20080611,17750,18350,17600,18200,1474689
20080612,17900,18400,17750,18400,2335597
20080613,18550,18550,18000,18000,786941
20080616,18100,18350,17750,17850,750790
20080617,17850,17950,16900,17250,1421180
20080618,17050,17350,17050,17150,791593
20080619,17100,17100,16800,16950,1104698
20080620,17000,17050,16500,16850,696044
20080623,16450,16700,16250,16400,711531
20080624,16300,16300,15900,16000,835360
20080625,15950,16300,15850,16100,607166
20080626,16050,16550,16000,16200,541772
20080627,15800,16000,15650,15900,697963
20080630,15900,16200,15650,15800,574298
20080701,15700,16050,15500,15500,527468
20080702,15500,15600,14750,14950,979540
20080703,14550,14800,14300,14800,1114844
20080704,14600,14850,14150,14350,1052324
20080707,14050,14250,13800,14000,847506
20080708,13850,13900,13000,13100,1769764
20080709,13400,13550,12550,12550,1489354
20080710,12150,13100,12150,13100,2237000
20080711,13150,13250,12600,13150,1760584
20080714,13000,13200,12750,12800,848359
20080715,12650,12700,11800,11850,1278974
20080716,11850,12000,10950,10950,2768830
20080717,11350,11500,10850,10850,2418326
20080718,11200,11450,10900,11000,1872576
20080721,11250,12350,11200,12200,2590091
20080722,12000,12800,11500,12600,4077866
20080723,13000,13450,12700,13150,2973731
20080724,13250,14450,13200,14050,3463938
20080725,13900,14700,13650,14450,2192944
20080728,15100,15700,14750,15000,3033989
20080729,14750,15350,14550,15000,3184428
20080730,15500,15500,13700,13900,3757352
20080731,13900,14550,13650,14150,2648873
20080801,13700,13850,12200,12250,3120821
20080804,12000,12400,11850,12150,1889718
20080805,12150,12750,12150,12550,1677111
20080806,12900,13300,12800,12900,1390167
20080807,12900,13000,12250,12400,1133952
20080808,12200,12950,11950,12850,1118961
20080811,13200,13400,12900,12900,1068917
20080812,12900,13200,12550,13000,1014203
20080813,12950,13150,12750,12850,1090166
20080814,12700,13000,12600,13000,1120946
20080818,13250,14100,13150,14100,2633964
20080819,14000,14050,13600,13600,1523408
20080820,13650,13900,13450,13500,1072708
20080821,13450,13650,12500,12500,1223501
20080822,12400,12750,12050,12200,1057184
20080825,12300,12500,11900,12150,869564
20080826,11700,12250,11700,12000,774263
20080827,12000,12300,11850,12100,567591
20080828,12150,12350,11700,11750,859537
20080829,11750,11950,11300,11700,1194104
20080901,11400,11700,11200,11400,920326
20080902,11200,11650,11050,11350,1084616
20080903,11300,12800,11300,12600,1689786
20080904,12550,12900,12150,12150,1072047
20080905,11700,12050,11600,11700,819008
20080908,12100,13400,12050,13200,2131333
20080909,13250,13300,12500,12650,1762225
20080910,12500,13300,12350,12900,1805737
20080911,13050,13850,12950,13250,3268300
20080912,13650,13800,13250,13700,1422342
20080916,12500,13000,12150,12300,2065876
20080917,12900,13700,12800,13200,2441383
20080918,12750,13500,12500,13050,1664442
20080919,13800,13850,13400,13600,1740452
20080922,13850,13900,13400,13600,1539125
20080923,13450,14350,13450,14250,1571168
20080924,14200,15150,14150,15000,2035208
20080925,15000,15150,14500,15000,1419817
20080926,14950,14950,14100,14200,1236391
20080929,14600,14900,13800,13950,1092741
20080930,12900,13700,12800,13500,2032849
20081001,13650,13700,12950,12950,1498558
20081002,13150,13500,12850,12850,1368124
20081006,12600,12650,12050,12250,1307364
20081007,12000,12950,11850,12950,1064091
20081008,12450,12700,11600,11850,1070133
20081009,12000,12600,11750,12100,1366748
20081010,11650,12350,11000,11700,1520516
20081013,12950,12950,12150,12400,1193133
20081014,13050,13750,12700,13600,1480131
20081015,13350,13500,12950,13000,878500
20081016,12100,12200,11050,11450,1502509
20081017,11950,11950,10250,11200,1294025
20081020,11400,11800,11150,11750,1017163
20081021,12250,12400,11400,11650,1113573
20081022,11600,11900,10150,10800,1185614
20081023,10000,10100,9200,9200,1559309
20081024,8920,9130,7820,8100,1871430
20081027,7670,8600,7600,8000,1866875
20081028,7320,8650,7280,8460,2818082
20081029,8800,9270,7200,7790,2616020
20081030,8500,8900,7650,8900,3922728
20081031,8700,9470,8300,8800,3998227
20081103,8800,9420,8790,9100,2329512
20081104,9200,10450,9150,10450,1451759
20081105,11500,12000,10550,10700,5051121
20081106,10000,10250,9260,9450,1177094
20081107,8870,10250,8750,10250,1669238
20081110,10550,10800,9950,10550,1539418
20081111,10100,10900,10050,10200,1600114
20081112,9920,10350,9880,10050,857055
20081113,9420,9430,8550,8950,2177101
20081114,9320,9550,8840,8840,2013788
20081117,9160,10100,9100,9410,3904215
20081118,9200,9300,8800,8810,1244566
20081119,9090,9150,8410,8700,931722
20081120,8400,8500,7640,7640,1180042
20081121,7180,8160,6850,7950,1419600
20081124,8050,8190,7260,7500,1113865
20081125,7890,8000,7000,7000,1348289
20081126,7050,7660,7020,7510,1307366
20081127,7840,8230,7640,7900,1881283
20081128,8050,9000,7920,8200,3201396
20081201,8600,8700,8070,8070,2334942
20081202,7500,8120,7470,7950,1378414
20081203,8250,9110,8100,9110,4129477
20081204,9470,9620,8300,8500,2785117
20081205,8590,8800,8410,8480,1261840
20081208,8660,9350,8650,9170,3141035
20081209,9290,9290,8760,8840,2626485
20081210,8920,9910,8780,9640,3550543
20081211,9640,10200,9330,9330,4990483
20081212,9250,9650,8560,8820,2455223
20081215,9300,10100,9190,10100,4599423
20081216,10200,10800,9950,10100,5357871
20081217,10550,10700,9500,9890,3340360
20081218,9950,10250,9600,9920,2595648
20081219,9850,10050,9740,9920,1329811
20081222,10300,10450,9730,9880,2779822
20081223,9720,9870,9140,9320,1365006
20081224,9350,9350,8810,8820,878971
20081226,8830,9060,8600,8840,1080279
20081229,8730,8950,8470,8770,656272
20081230,8910,9100,8850,8880,863696
20090102,9100,9400,8880,9330,947643
20090105,9590,9590,9300,9500,1370590
20090106,9560,9880,9510,9600,1785364
20090107,10000,11000,9960,11000,10388964
20090108,11000,11900,10950,11750,9226259
20090109,11950,11950,10900,10900,3907351
20090112,10650,10700,10300,10400,2404963
20090113,10400,10850,10350,10600,2489840
20090114,10550,10850,10350,10750,2191806
20090115,10100,10250,9460,9580,3381970
20090116,9600,9830,9560,9740,2325874
20090119,9860,9870,9480,9650,2639962
20090120,9570,10250,9490,9670,3178135
20090121,9200,9480,9170,9270,1639712
20090122,9630,9630,9290,9310,1593457
20090123,9160,9240,8800,8850,1601599
20090128,9100,9580,9080,9450,1792761
20090129,9630,9720,9400,9570,1946066
20090130,9280,9530,9260,9400,1163954
20090202,9320,9600,9070,9070,1972897
20090203,9200,9490,9120,9440,1486405
20090204,10450,10850,10250,10300,10842993
20090205,10200,10300,9860,9900,4503772
20090206,10150,10150,9750,10000,2181032
20090209,10200,10450,9980,9980,2461199
20090210,10300,10400,10050,10400,2493421
20090211,10100,10450,9940,10450,2183522
20090212,10400,10400,9980,10000,2464842
20090213,10100,10850,10000,10700,4572354
20090216,10750,10900,10250,10250,2864353
20090217,10200,10350,9490,9600,2732019
20090218,9480,9700,9190,9610,1812814
20090219,9610,10150,9420,9540,4265800
20090220,9350,9500,8780,9100,1721265
20090223,8880,9240,8850,9200,1659774
20090224,8800,9550,8760,9190,2406802
20090225,9350,9420,8640,8640,2222029
20090226,8680,8960,8270,8400,1514870
20090227,8410,8740,8350,8560,1064543
20090302,8350,8380,8010,8060,1469853
20090303,7660,8130,7660,8010,1176262
20090304,7910,8330,7860,8250,1131906
20090305,8390,8420,8040,8070,1162010
20090306,8000,8040,7860,7980,1027320
20090309,8140,8320,8060,8240,1195556
20090310,8080,8800,8060,8630,2179370
20090311,8850,8950,8770,8950,1720543
20090312,8950,9160,8770,8920,2228707
20090313,9070,9070,8890,8940,1667890
20090316,9020,9070,8900,8940,1265273
20090317,9080,9610,9030,9530,3065110
20090318,9700,9770,9460,9500,2408208
20090319,9550,9640,9190,9300,2349671
20090320,9350,9390,9090,9240,1745761
20090323,9250,9700,9250,9700,1956466
20090324,10000,10150,9780,9900,3177378
20090325,9890,9980,9750,9970,1719328
20090326,10100,10200,9810,10000,2872300
20090327,10100,10150,9520,9580,2573604
20090330,9630,10100,9400,9500,3103707
20090331,9680,9830,9580,9630,1569285
20090401,9680,9990,9560,9770,2090341
20090402,10100,10600,9960,10450,7334317
20090403,10550,10600,10100,10200,5129096
20090406,10300,10600,10250,10450,3282990
20090407,10450,10900,10250,10900,3699850
20090408,10650,10850,10250,10350,2806114
20090409,10550,11750,10450,11500,8541049
20090410,11900,12000,11200,11700,7610772
20090413,11900,11900,11400,11500,3367174
20090414,11750,11800,11350,11550,2730042
20090415,11250,11300,10600,11000,2878381
20090416,11300,11800,11050,11050,3351457
20090417,11350,11450,10700,10800,2504782
20090420,10800,10900,10500,10800,1584178
20090421,10450,11000,10400,11000,1832106
20090422,11300,11750,10900,11450,5800963
20090423,11500,11500,11000,11250,2350827
20090424,11350,11800,11150,11250,3210348
20090427,11400,11450,10800,10800,2122580
20090428,10900,11200,10250,10250,2371860
20090429,10400,10850,10300,10800,1770415
20090430,10950,11350,10800,11250,2273474
20090504,11500,11550,11200,11400,2552470
20090506,11650,13000,11550,12550,9992164
20090507,12700,13100,12350,12850,6058427
20090508,12800,13150,12400,12800,2527535
20090511,12800,12800,12450,12550,1930880
20090512,12400,12450,11900,11900,2592777
20090513,12000,12100,11700,12000,2643583
20090514,11750,11850,11500,11500,2333206
20090515,11650,11800,11350,11700,1967865
20090518,11550,11700,11300,11600,1406165
20090519,11950,12300,11850,12300,2758680
20090520,12200,12300,11950,12000,1524809
20090521,11900,11950,11050,11200,3453678
20090522,11000,11450,10800,10850,2362553
20090525,10750,11150,9990,10700,3440843
20090526,10800,11100,10450,10550,2702070
20090527,10750,10900,10500,10500,2124563
20090528,10650,10850,10450,10850,2139293
20090529,10900,11150,10300,10300,4899021
20090601,10450,11200,10250,11150,3384627
20090602,11800,12800,11700,12800,13067661
20090603,13200,13400,12550,13050,12209163
20090604,12850,12950,11600,11700,6990057
20090605,11850,11950,11400,11900,3551559
20090608,11900,12200,11650,11650,2423612
20090609,11850,12350,11650,11800,2908416
20090610,11850,11950,11200,11900,3362580
20090611,12000,12900,11950,12800,7798737
20090612,12800,13150,12550,13000,3285145
20090615,12950,13050,12400,12600,2429679
20090616,12250,12550,12200,12250,1518835
20090617,12250,12350,11800,11950,1936246
20090618,12050,12500,11950,12150,2234496
20090619,12150,12600,12000,12450,1949677
20090622,12400,12500,11900,12050,2011430
20090623,11700,11800,11100,11200,3091390
20090624,11400,11550,11200,11500,1635113
20090625,11500,12000,11450,11800,1458565
20090626,11950,12900,11900,12850,5387584
20090629,14300,14750,13600,13750,15447417
20090630,13500,13650,12800,12900,6530923
20090701,13100,13650,13000,13450,4016487
20090702,13400,13450,12750,12850,2570154
20090703,12700,13500,12600,13350,2461779
20090706,13350,13400,12950,13100,1341583
20090707,13150,13300,12900,12900,1710589
20090708,12850,13200,12500,12850,2420300
20090709,12900,12900,12650,12650,1272778
20090710,12700,12850,12400,12700,1220768
20090713,12650,13150,12300,12300,1970020
20090714,12600,12750,12100,12100,1236735
20090715,12200,12300,11900,12000,2257042
20090716,12150,12300,11900,12150,2022514
20090717,12350,12750,12300,12700,2808143
20090720,12950,13250,12750,13150,4002763
20090721,13150,13200,12900,13150,1973417
20090722,13350,13550,13100,13150,1991360
20090723,13100,13150,12750,13150,1363501
20090724,13200,13300,12850,12850,1428829
20090727,12950,13050,12800,12800,2000955
20090728,12850,13250,12800,12900,2064841
20090729,12900,13050,12350,12600,2236529
20090730,12650,13100,12550,12850,1654697
20090731,13050,13300,12900,13000,2203507
20090803,13100,13200,12850,12850,1845576
20090804,13000,13300,12900,13050,2936080
20090805,13150,13500,13000,13250,3319951
20090806,13650,14350,13650,14000,9733665
20090807,14100,14350,13850,14100,3320482
20090810,14150,14800,13700,14800,5599221
20090811,14700,16000,14500,15550,6712196
20090812,15500,15800,15050,15550,3626686
20090813,15750,15750,15150,15150,3222800
20090814,15350,15550,15100,15400,2646107
20090817,15300,15350,14450,14600,2314971
20090818,14350,15100,14350,14600,2854963
20090819,14750,15400,14650,14650,2502869
20090820,14800,14900,14400,14650,1757138
20090821,14650,14700,13850,13900,3667610
20090824,14150,14200,13500,13550,3527619
20090825,13600,15500,13600,14800,8625311
20090826,14900,15050,14350,14900,3072524
20090827,15200,15250,14350,14450,2592132
20090828,14700,14750,14450,14650,1289058
20090831,14650,14800,14000,14000,2045465
20090901,13950,14050,13650,14000,1599419
20090902,13750,13950,13600,13650,1686079
20090903,13600,14400,13600,14300,1919708
20090904,14400,14450,13900,14100,954911
20090907,14100,14200,13750,13800,964091
20090908,13900,13950,13750,13750,1188527
20090909,13850,14400,13800,13800,2119998
20090910,13600,13950,13600,13950,1996776
20090911,14000,14050,13800,13900,1236901
20090914,13900,14050,13700,14050,1137821
20090915,14250,14400,14050,14050,1085011
20090916,14100,14350,13950,14000,1690407
20090917,14200,14650,14100,14500,2803050
20090918,14550,14650,14200,14300,1629923
20090921,14700,14800,14450,14600,2380581
20090922,14700,14750,14450,14600,1372484
20090923,14650,14700,14100,14350,1678856
20090924,14250,14350,13850,14050,1313993
20090925,14000,14050,13750,13950,884130
20090928,13850,14800,13750,14700,2491038
20090929,15150,15150,14400,14450,2741484
20090930,14150,14600,13800,14000,3277133
20091001,14200,14400,14050,14350,1673080
20091005,14300,14400,14050,14200,1185769
20091006,14350,14500,13850,13900,1619792
20091007,14100,14150,13950,13950,917453
20091008,14350,14800,14150,14500,2407999
20091009,14450,14700,14350,14500,1651039
20091012,14650,14700,14300,14350,962616
20091013,14200,14350,13900,14000,1472569
20091014,14050,14350,14000,14250,937975
20091015,14350,14600,13950,14150,1480397
20091016,14050,14250,14000,14000,850276
20091019,14000,14050,13750,13950,1104726
20091020,13950,14100,13900,14050,683390
20091021,14000,14100,13800,13850,919341
20091022,13700,13800,13600,13700,737689
20091023,13800,13850,13250,13400,1315614
20091026,13150,13300,13100,13300,971021
20091027,13300,13450,13200,13300,595829
20091028,13300,13350,12700,13100,1006405
20091029,12850,12900,12150,12300,1502887
20091030,12550,12850,12300,12350,1060815
20091102,12000,12600,11950,12400,876132
20091103,12350,12800,12350,12700,851984
20091104,12700,12900,12650,12850,664313
20091105,12900,12900,12600,12800,550762
20091106,12900,12950,12600,12650,502006
20091109,12550,12800,12350,12650,938928
20091110,12700,12750,12600,12600,528230
20091111,12650,12800,12600,12750,383359
20091112,12800,12950,12650,12650,577405
20091113,12550,12900,12550,12900,499755
20091116,13300,14400,13300,13950,5609190
20091117,13800,14100,13500,13850,1633085
20091118,14000,14500,13850,14450,2584147
20091119,14450,14650,14150,14200,1999676
20091120,14200,14500,14050,14100,2082371
20091123,14450,14600,13850,13900,2378066
20091124,13600,13700,13150,13150,2486047
20091125,13200,13300,12900,13000,1083994
20091126,12800,12950,12600,12650,1645226
20091127,12300,12600,11500,11600,1770557
20091130,12000,12000,11600,11600,2239547
20091201,11600,11800,11300,11550,1236191
20091202,11700,12050,11650,11950,1434092
20091203,12050,12500,12000,12300,1299452
20091204,12150,12450,12000,12150,942916
20091207,12350,12650,12250,12300,1068421
20091208,12200,12250,11950,12000,751957
20091209,11850,12300,11800,12300,857268
20091210,12300,12600,12100,12600,1739798
20091211,12450,12600,12350,12450,1025122
20091214,12750,12750,12450,12750,954725
20091215,12750,12750,12500,12550,628455
20091216,12650,13350,12600,13000,2201661
20091217,13000,13000,12650,12650,738373
20091218,12500,12800,12500,12550,699988
20091221,12550,12600,12250,12300,991306
20091222,12350,12650,12250,12350,947991
20091223,12450,12700,12400,12500,525769
20091224,12400,12800,12300,12600,951905
20091228,13000,13200,12800,12850,1854649
20091229,12800,13200,12350,12750,1084581
20091230,11950,13400,11550,12800,3983876
20100104,13350,13700,13050,13250,2787705
20100105,13300,13350,13100,13300,1060965
20100106,13300,13350,12750,12800,2079527
20100107,12700,13000,12700,12850,1274262
20100108,13000,13150,12750,12850,1071882
20100111,12900,13050,12750,12900,1026204
20100112,12800,13050,12800,12850,803462
20100113,12800,12900,12500,12650,697487
20100114,12650,14250,12500,12650,9042975
20100115,13050,13100,12750,12850,2006753
20100118,12800,12800,12550,12600,1033627
20100119,12750,12800,12600,12750,888539
20100120,12850,13000,12650,12700,930388
20100121,12600,12900,12550,12850,767716
20100122,12650,12750,12400,12450,1271536
20100125,12250,12350,12050,12350,805526
20100126,12300,12350,11900,12100,837944
20100127,12100,12150,11750,11900,766882
20100128,12000,12000,11700,11800,527431
20100129,11700,12000,11600,11900,704144
20100201,11950,11950,11350,11400,853065
20100202,11450,11500,11100,11250,977918
20100203,11250,11450,11200,11350,667561
20100204,11400,11400,11150,11150,465729
20100205,10750,11150,10700,10900,826065
20100208,10800,10850,10450,10600,700937
20100209,10500,11500,10500,10700,1287403
20100210,10800,10850,10550,10550,565007
20100211,10600,10950,10600,10800,541731
20100212,10800,10850,10600,10650,566298
20100216,11000,11500,10900,11300,1652472
20100217,11800,11900,11600,11750,1370453
20100218,11850,11900,11450,11550,628843
20100219,11250,11500,11100,11350,591686
20100222,11300,11700,11300,11350,1058080
20100223,11350,11550,11250,11500,544060
20100224,11450,11850,11350,11750,909019
20100225,11750,11800,11300,11300,442781
20100226,11300,11450,11150,11350,294491
20100302,11350,11650,11300,11550,621975
20100303,11550,11600,11400,11500,735088
20100304,11650,11950,11500,11950,749907
20100305,11950,12300,11950,12250,1090248
20100308,12250,12250,11950,12050,831296
20100309,12000,12050,11700,11750,764802
20100310,11900,12000,11700,11900,765828
20100311,11850,11950,11650,11650,671614
20100312,11700,11750,11500,11500,751016
20100315,11450,11600,11400,11450,544500
20100316,11400,11450,11200,11250,725590
20100317,11300,11550,11250,11500,764490
20100318,11400,11500,11350,11400,568570
20100319,11400,11600,11350,11500,722654
20100322,11400,11500,11250,11350,656958
20100323,11450,11600,11450,11500,749030
20100324,11550,11600,11250,11300,565359
20100325,11300,11450,11250,11250,473412
20100326,11300,11550,11150,11400,729803
20100329,11300,11350,11050,11150,853401
20100330,11250,11300,11100,11150,737408
20100331,11250,11250,10950,11000,1141149
20100401,11050,11150,10950,11050,718461
20100402,11100,11150,10900,10900,703494
20100405,10850,10900,10450,10600,1241168
20100406,10650,10850,10600,10800,651943
20100407,10900,11050,10800,10900,547290
20100408,10950,11000,10850,11000,385731
20100409,11000,11100,10850,11050,462340
20100412,11150,11200,10900,10950,544791
20100413,10900,11000,10750,11000,398344
20100414,11000,11200,11000,11100,661311
20100415,11100,11150,11000,11050,470757
20100416,11050,11050,10800,10850,565881
20100419,10800,10800,10650,10650,638101
20100420,10750,10850,10650,10850,498314
20100421,10750,10850,10700,10700,567054
20100422,10700,10800,10650,10750,610656
20100423,10750,10800,10650,10650,628703
20100426,10700,10800,10650,10650,534153
20100427,10600,10700,10600,10650,410094
20100428,10550,10850,10500,10500,896975
20100429,10500,10500,10200,10350,828370
20100430,10350,10450,10350,10400,689167
20100503,10300,10500,10200,10500,765575
20100504,10450,10750,10400,10400,580185
20100506,10150,10300,10100,10150,447893
20100507,9900,9900,9510,9750,1105578
20100510,9840,10100,9780,10000,592799
20100511,10050,10050,9780,9840,786502
20100512,9810,9970,9770,9800,571839
20100513,9800,9850,9710,9710,761633
20100514,9650,9850,9620,9750,524555
20100517,9670,9700,9500,9560,883237
20100518,9540,9990,9480,9930,775916
20100519,9990,9990,9630,9750,546532
20100520,9580,9880,9580,9750,487715
20100524,9750,9830,9680,9750,366310
20100525,9580,9670,8660,9020,1663123
20100526,8970,9080,8690,8840,609140
20100527,8730,8830,8570,8660,1152599
20100528,8680,8810,8600,8760,1103284
20100531,8800,9110,8740,9090,1022329
20100601,9040,9500,9010,9330,767708
20100603,9330,9380,9230,9290,515065
20100604,9250,9340,9220,9300,288215
20100607,9030,9300,8950,9040,824386
20100608,9010,9200,8970,9160,527452
20100609,9110,9250,9040,9250,566585
20100610,9320,9350,9110,9190,620399
20100611,9260,9390,9220,9360,463051
20100614,9410,10100,9410,10050,1350547
20100615,10050,10100,9900,9900,434598
20100616,9950,9990,9820,9950,414467
20100617,10200,10200,9850,9850,604176
20100618,9800,10050,9800,9970,524007
20100621,10100,10350,10050,10300,645003
20100622,10300,10400,10150,10300,510989
20100623,10300,10500,10150,10300,549052
20100624,10350,11000,10350,11000,1437046
20100625,10850,10950,10600,10800,796902
20100628,10700,10800,10500,10650,555252
20100629,10750,10800,10550,10600,566123
20100630,10450,10550,10300,10350,748441
20100701,10250,10450,10050,10200,645421
20100702,10300,10700,10150,10150,769654
20100705,10250,10250,10050,10050,335138
20100706,10000,10000,9690,9840,765173
20100707,9820,9840,9670,9690,609688
20100708,9760,9820,9710,9710,471858
20100709,9710,9820,9540,9630,637743
20100712,9660,9930,9570,9900,612634
20100713,9920,10100,9890,10000,625065
20100714,9980,10450,9980,10300,744823
20100715,10300,10450,10150,10350,478916
20100716,10350,10550,10200,10200,508891
20100719,10200,10500,9990,10400,607001
20100720,10450,10500,10300,10300,479640
20100721,10150,10500,10150,10500,553352
20100722,10250,10450,10250,10300,441583
20100723,10400,10650,10350,10500,605743
20100726,10500,10550,10400,10450,365534
20100727,10450,10500,10100,10250,683644
20100728,10250,10250,9980,10050,785882
20100729,10000,10200,10000,10000,499853
20100730,10000,10150,10000,10050,331581
20100802,10050,10250,10000,10000,503127
20100803,10050,10150,9960,9990,336611
20100804,10300,11350,10300,10350,4461663
20100805,10400,10700,10150,10250,1666681
20100806,10250,10600,10150,10400,847177
20100809,10400,10550,10300,10400,566406
20100810,10350,10450,10250,10300,493777
20100811,10250,10400,10050,10050,715346
20100812,10000,10100,9800,9800,748280
20100813,9850,10000,9820,9850,531165
20100816,9850,9850,9610,9670,523303
20100817,9650,9770,9570,9710,419158
20100818,9720,10150,9720,10150,623344
20100819,10000,10300,9990,10150,710136
20100820,10050,10250,10050,10100,334680
20100823,10250,10450,10100,10200,619315
20100824,10200,10300,10050,10150,399357
20100825,10050,10200,10000,10000,395126
20100826,10100,10150,9880,9890,438712
20100827,10000,10150,9910,10000,677146
20100830,10350,10400,10050,10100,549864
20100831,10050,10100,9880,9880,506211
20100901,9950,10200,9950,10100,689143
20100902,10200,10250,10050,10250,482540
20100903,10200,10300,10100,10300,364250
20100906,10400,10400,10200,10250,445361
20100907,10200,10250,10050,10250,447589
20100908,10150,10250,10000,10050,346017
20100909,10100,10150,10000,10050,475476
20100910,10100,10300,10100,10250,538736
20100913,10250,10400,10200,10300,548042
20100914,10300,10750,10250,10700,1462156
20100915,10700,10850,10500,10600,1065751
20100916,10700,11100,10700,10800,2309428
20100917,10950,11050,10800,10800,833915
20100920,10800,10800,10500,10550,670498
20100924,10600,10900,10450,10900,1102942
20100927,10850,10950,10650,10700,810245
20100928,10650,10900,10600,10700,644485
20100929,10800,10950,10700,10850,816559
20100930,10950,11300,10850,11250,1916378
20101001,11200,11550,11150,11150,1516390
20101004,11200,11400,11100,11250,1030688
20101005,11300,11500,11200,11400,997889
20101006,11500,11800,11350,11550,1840530
20101007,11550,12100,11500,11900,2327129
20101008,11900,12350,11700,12350,1764244
20101011,12450,12700,12150,12150,1766164
20101012,12250,12550,12050,12300,1328187
20101013,12400,12550,12150,12300,959377
20101014,12250,12550,12150,12300,1516731
20101015,12250,12300,11950,12250,959297
20101018,12250,12300,11800,11800,2163634
20101019,11900,12050,11650,11850,808181
20101020,11700,11750,11500,11650,1137611
20101021,11650,11700,10900,11000,2057916
20101022,11050,11200,10850,11200,1498923
20101025,11200,11300,11050,11250,959514
20101026,11300,11350,10900,11100,1298163
20101027,11000,11100,10800,10800,1213455
20101028,10900,11150,10700,10850,1194817
20101029,10850,11000,10500,10550,1245893
20101101,10500,10650,10350,10600,839653
20101102,10600,10650,10350,10400,664385
20101103,10350,11100,10350,10850,1530575
20101104,11150,11250,10850,10950,1041688
20101105,11000,11150,10800,11000,931117
20101108,10900,10950,10700,10800,649851
20101109,10750,10850,10600,10850,540188
20101110,10700,10950,10700,10950,485425
20101111,10900,11050,10500,10500,1442827
20101112,10750,10900,10500,10500,1021396
20101115,10550,10650,10450,10500,422197
20101116,10600,10750,10400,10500,877531
20101117,10350,10450,10200,10250,726272
20101118,10300,10350,10050,10150,1004238
20101119,10250,10400,10150,10400,823528
20101122,10400,10800,10300,10800,965099
20101123,10800,11000,10650,11000,1357966
20101124,10550,11050,10500,10950,1355080
20101125,11100,11300,10800,11200,1419030
20101126,11250,11400,11050,11250,1164218
20101129,11300,11500,11250,11450,1226987
20101130,11450,11850,11200,11650,1947184
20101201,11600,12000,11450,11950,1611168
20101202,12050,12100,11800,11850,1284785
20101203,11800,11850,11600,11850,1060242
20101206,11850,12000,11750,12000,785760
20101207,12000,12450,11950,12400,1823372
20101208,12400,13000,12200,12850,4148971
20101209,12950,12950,12600,12800,1210871
20101210,12700,12800,12450,12650,1035559
20101213,12650,12650,12350,12400,918114
20101214,12550,12950,12350,12650,2003313
20101215,12600,12650,12300,12400,1092823
20101216,12400,12500,12150,12450,850388
20101217,12700,12900,12650,12650,1287972
20101220,12350,12600,12300,12500,924502
20101221,12850,12950,12450,12550,963083
20101222,12500,12550,11950,12050,1412911
20101223,12050,12100,11700,11900,878993
20101224,11900,11950,11600,11800,656864
20101227,11750,12100,11650,11950,917046
20101228,12250,12600,12200,12550,2003497
20101229,12550,12550,12250,12350,808983
20101230,12400,13000,12250,12850,1484066
20110103,13000,13300,12950,13100,1385420
20110104,13250,13400,12900,13350,1539585
20110105,13250,13350,12900,13250,1230807
20110106,13250,13250,12800,13150,1442152
20110107,13050,13950,12950,13900,2405022
20110110,14100,14450,13900,14000,2691538
20110111,14000,14000,13650,13950,1028205
20110112,14100,14500,13950,14100,1568407
20110113,14200,14200,13800,13900,1505264
20110114,14000,14150,13750,13900,1061153
20110117,14000,14900,13950,14900,3550071
20110118,14800,15500,14550,15350,3299258
20110119,15300,15700,15100,15400,2188576
20110120,15400,15550,15150,15200,846769
20110121,15150,15200,14400,14600,1689647
20110124,14600,14800,14400,14400,977025
20110125,14450,14800,14400,14400,1049950
20110126,14450,14900,14450,14700,790893
20110127,14700,15000,14550,14550,742249
20110128,14500,14600,14150,14200,862383
20110131,14050,14100,13650,13800,1002722
20110201,13750,13950,13600,13750,562429
20110207,14000,14500,13850,14300,1191192
20110208,14400,14750,14150,14200,999228
20110209,14300,14400,13950,14250,911015
20110210,14150,14300,13300,13300,1556593
20110211,13300,13650,12700,12850,1465894
20110214,13000,13050,12500,12900,1082955
20110215,12700,13200,12250,12500,1730611
20110216,12400,12600,12100,12250,2147190
20110217,12350,12400,11500,11750,1718083
20110218,11650,12250,11650,12150,1204403
20110221,12350,12600,11700,11800,1978028
20110222,11500,11600,10850,11000,2628077
20110223,11000,11250,10900,11200,1743149
20110224,11250,11400,10900,11100,1179296
20110225,11200,11600,11000,11550,2634586
20110228,11400,11450,10750,10750,2365312
20110302,10800,10900,10600,10700,1237153
20110303,10850,11200,10700,11150,1536886
20110304,11250,11700,11200,11550,2007469
20110307,11500,11650,11200,11250,1099291
20110308,11200,11600,11200,11450,971275
20110309,11550,11700,11400,11450,930049
20110310,11450,11600,11200,11550,1338465
20110311,11050,11400,11050,11200,764644
20110314,11050,11150,10600,10900,1335048
20110315,10900,11300,10450,10600,1427401
20110316,10800,10950,10550,10700,1206841
20110317,10500,10900,10450,10750,935845
20110318,10850,11250,10700,11250,1502282
20110321,11300,11650,11250,11500,1327878
20110322,11500,11550,11250,11350,893205
20110323,11400,11500,11250,11300,706911
20110324,11400,11500,11350,11450,590188
20110325,11550,11750,11450,11600,851039
20110328,11700,11750,11200,11300,840098
20110329,11250,11350,11150,11350,613306
20110330,11250,11700,11200,11700,1047389
20110331,11800,12100,11700,12050,1226714
20110401,12000,12050,11800,11900,1054022
20110404,11950,12000,11750,11800,816379
20110405,11800,11950,11600,11800,774239
20110406,11750,11800,11500,11500,960444
20110407,11550,11700,11350,11500,1481644
20110408,11400,11850,11350,11650,1745859
20110411,11700,11750,11450,11450,864574
20110412,11400,11450,11000,11000,1362767
20110413,11050,11400,11050,11200,891466
20110414,11150,11250,10800,11150,1707238
20110415,11000,11100,10800,10900,951438
20110418,11000,11100,10700,10950,1130958
20110419,10900,11050,10800,10800,708252
20110420,10950,11300,10900,11100,1165561
20110421,11200,11350,10950,11300,1886226
20110422,11450,11500,11200,11250,960133
20110425,11200,11400,11100,11150,692115
20110426,11100,11250,10900,11250,1123331
20110427,11350,11950,11250,11900,2501611
20110428,12000,12000,11500,11500,1034045
20110429,11400,11600,11150,11400,1377901
20110502,11700,11900,11650,11650,1440786
20110503,11600,11600,11400,11600,752083
20110504,11500,11800,11450,11600,645746
20110506,11500,11700,11450,11450,642693
20110509,11450,11500,11100,11100,769827
20110511,11050,11200,10950,11050,728445
20110512,11000,11000,10700,10700,1280530
20110513,10700,10850,10600,10600,745831
20110516,10600,10600,10150,10150,1015108
20110517,10200,10400,10150,10250,533872
20110518,10200,10400,10200,10250,526277
20110519,10350,10350,9910,9910,964059
20110520,10000,10100,9910,10000,473445
20110523,9910,9990,9640,9720,792809
20110524,9620,9870,9620,9730,511375
20110525,9730,9790,9510,9510,599558
20110526,9540,9790,9530,9780,469352
20110527,9770,10200,9680,9990,698362
20110530,10050,10100,9710,9880,479263
20110531,9900,10200,9850,10150,813400
20110601,10050,10250,10050,10200,695451
20110602,9970,9990,9850,9870,686595
20110603,9910,10250,9900,10200,741480
20110607,10050,10300,10000,10250,724532
20110608,10150,10250,9820,9960,630484
20110609,9850,9950,9530,9590,1788649
20110610,9630,9760,9420,9420,828123
20110613,9270,9590,9270,9470,545067
20110614,9350,9640,9350,9520,470565
20110615,9570,9600,9440,9600,457237
20110616,9480,9550,9400,9420,380797
20110617,9500,9820,9480,9560,991301
20110620,9680,9900,9650,9760,924743
20110621,9890,9950,9760,9820,574958
20110622,9920,10250,9910,10250,762919
20110623,10150,10350,9890,9930,1297956
20110624,10000,10250,10000,10250,807716
20110627,10150,10200,9970,9980,587599
20110628,10100,10300,10050,10150,644020
20110629,10400,10700,10300,10650,1974729
20110630,10650,10900,10550,10700,1294927
20110701,10850,11700,10850,11550,3458412
20110704,11650,11850,11450,11600,1651037
20110705,11500,11800,11450,11750,1366538
20110706,11750,12000,11650,11850,1265774
20110707,12000,12200,11850,12100,1921903
20110708,12350,12550,12050,12500,2143204
20110711,12500,13000,12350,12450,1884160
20110712,12250,12750,11950,12600,2062716
20110713,12650,12800,12450,12650,1456441
20110714,12450,12650,12200,12550,1238275
20110715,12500,12800,12300,12500,1066750
20110718,12600,12600,12200,12200,892833
20110719,12200,13000,12150,13000,1999961
20110720,13050,13100,12750,12850,1449397
20110721,12900,13350,12800,13100,1963120
20110722,13400,13850,13300,13600,2210415
20110725,13650,13950,13550,13650,1685843
20110726,12700,13000,12400,12650,15976602
20110727,12700,12800,12500,12600,2565813
20110728,12400,12500,12150,12250,1746028
20110729,12250,12550,12250,12350,960186
20110801,12450,12600,12300,12400,907948
20110802,12350,12400,12050,12050,1128388
20110803,11800,11850,11050,11500,1550841
20110804,11600,11700,11200,11300,1130873
20110805,10550,10900,10450,10450,1977417
20110808,10200,10350,9500,9920,2245299
20110809,9500,9840,8750,9840,3340303
20110810,10300,10350,9760,9900,3017560
20110811,9330,10150,9320,10150,1889682
20110812,10450,10450,9830,9830,1815201
20110816,10150,10300,10050,10200,1175005
20110817,10150,10500,10100,10400,1161656
20110818,10350,10400,9970,10050,1075405
20110819,9960,10150,9630,9660,1880203
20110822,9700,9900,9610,9670,951336
20110823,10350,10600,10100,10600,2168835
20110824,11250,12100,11000,11100,5354403
20110825,11400,11500,10550,10550,2098471
20110826,10550,11100,10350,10900,1378585
20110829,11050,11100,10650,10800,2111413
20110830,10950,11200,10700,10850,1914536
20110831,10950,11150,10650,11100,1184080
20110901,11050,11400,10750,10800,1728696
20110902,10800,10950,10500,10500,1122747
20110905,10300,10350,9990,9990,1122015
20110906,9810,10050,9700,9810,985454
20110907,10000,10150,9980,10150,681484
20110908,10450,10700,10200,10500,1446406
20110909,10300,10350,10200,10250,627487
20110914,10100,10300,9840,9840,895401
20110915,10150,10350,10000,10300,1051833
20110916,10450,10800,10350,10700,1276660
20110919,10550,10600,10300,10300,791471
20110920,10150,10350,10050,10300,763783
20110921,10250,10400,10200,10300,676422
20110922,10050,10100,9910,9930,926452
20110923,9500,9580,9230,9230,1464990
20110926,9230,9360,8650,8800,1433363
20110927,9050,9180,8870,9170,1101306
20110928,9240,9310,8930,8930,768847
20110929,8810,9180,8770,9180,835987
20110930,9240,9280,9080,9120,792453
20111004,8600,8790,8380,8700,834091
20111005,8700,8780,7920,8030,1825977
20111006,8360,8370,8200,8200,973520
20111007,8410,8660,8410,8500,1163822
20111010,8520,8690,8480,8600,776793
20111011,8920,9080,8860,8880,1282915
20111012,8870,8950,8720,8850,723821
20111013,9010,9700,8920,9490,1530771
20111014,9400,9720,9250,9640,890655
20111017,9770,9820,9600,9660,791436
20111018,9480,9590,9320,9490,653626
20111019,9640,9660,9350,9640,481394
20111020,9560,9650,9020,9150,684178
20111021,10100,10400,9640,9860,3252138
20111024,10150,10450,10100,10400,2018162
20111025,10400,10450,10150,10250,1192362
20111026,10000,10500,9980,10400,1113165
20111027,10650,10650,10300,10350,861303
20111028,10600,10700,10400,10600,1427333
20111031,10600,10750,10200,10350,996244
20111101,10200,10300,10050,10100,668167
20111102,9870,10700,9750,10450,1572254
20111103,10450,10550,10250,10400,874145
20111104,10550,10650,10400,10450,890977
20111107,10550,10650,10150,10150,939687
20111108,10250,10350,10150,10250,540736
20111109,10300,10400,10100,10200,485444
20111110,9850,9900,9480,9480,1195765
20111111,9650,9700,9360,9470,1097471
20111114,9570,9780,9570,9700,803729
20111115,9690,9690,9420,9420,804052
20111116,9490,9560,9030,9060,1134836
20111117,9030,9260,8950,9260,591557
20111118,9000,9050,8910,9000,694146
20111121,9150,9160,8980,8980,444795
20111122,8810,9020,8800,8950,430563
20111123,8950,8990,8740,8740,775429
20111124,8740,8900,8690,8780,553387
20111125,8700,8780,8470,8470,712735
20111128,8570,8900,8570,8770,577617
20111129,8840,9380,8800,9380,1150649
20111130,9300,9560,9200,9530,879918
20111201,9780,9840,9690,9810,1360531
20111202,9790,9970,9730,9870,768398
20111205,9950,10000,9730,9990,710934
20111206,9870,9980,9700,9940,603651
20111207,10050,10150,9990,10000,658637
20111208,10100,10350,10000,10250,1004851
20111209,10050,10200,9940,10000,621353
20111212,10200,10250,10050,10150,430846
20111213,10000,10100,9930,9950,465505
20111214,9990,10050,9950,10050,626289
20111215,9810,9950,9760,9840,521117
20111216,9860,9930,9660,9770,447230
20111219,9680,9730,9010,9310,933451
20111220,9400,9440,9270,9400,324438
20111221,9570,10100,9560,10000,866478
20111222,10100,10300,9920,10250,1089967
20111223,10300,10600,10250,10500,1024963
20111226,10600,10600,10250,10500,456988
20111227,10400,10600,10200,10450,501699
20111228,10400,10450,10150,10450,446453
20111229,10250,10650,10200,10500,627892
20120102,10650,10700,10250,10250,413656
20120103,10350,10650,10350,10650,815136
20120104,10700,10800,10550,10750,883838
20120105,10700,10950,10650,10950,1026564
20120106,10800,10900,10400,10600,747726
20120109,10500,10650,10300,10450,737795
20120110,10750,10900,10650,10700,1050253
20120111,10750,10850,10500,10800,631761
20120112,10850,11050,10700,11050,815572
20120113,11000,11350,10950,11300,1103777
20120116,11100,11250,10850,10850,803937
20120117,11050,11500,11000,11500,1186297
20120118,11400,11550,11250,11350,1104539
20120119,11400,11550,11300,11450,767452
20120120,11400,11750,11400,11650,1051010
20120125,11550,11900,11550,11750,823259
20120126,11750,11950,11600,11700,536804
20120127,11700,11850,11600,11800,546543
20120130,11950,11950,11700,11750,448635
20120131,11800,11950,11650,11850,740295
20120201,11750,12000,11700,11850,616831
20120202,11950,12050,11800,11900,1013654
20120203,11900,11950,11800,11850,486807
20120206,11950,12000,11550,11700,850909
20120207,11550,11700,11500,11600,570727
20120208,11550,11900,11500,11750,915812
20120209,11750,11950,11550,11950,866586
20120210,11900,11900,11700,11700,598650
20120213,11700,11850,11650,11650,427996
20120214,11650,11700,11400,11400,686971
20120215,11450,11550,11200,11350,923940
20120216,11250,11350,10850,11000,1408499
20120217,11150,11250,10950,11100,1576606
20120220,11050,11200,10650,10750,1773570
20120221,10700,10850,10500,10700,1034917
20120222,10700,10850,10650,10750,842972
20120223,10600,10800,10500,10700,906932
20120224,10750,11000,10700,10900,941869
20120227,11000,11000,10700,10700,635134
20120228,10700,10800,10550,10800,704832
20120229,10850,10950,10600,10600,1332175
20120302,10650,10800,10600,10650,796895
20120305,10650,10700,10400,10400,986021
20120306,10400,10550,10150,10500,1052725
20120307,10350,10450,10250,10350,742434
20120308,10400,10700,10300,10600,1054398
20120309,10700,10750,10400,10600,603796
20120312,10600,10600,10300,10400,1170395
20120313,10450,10600,10400,10500,753593
20120314,10650,10800,10500,10650,1343787
20120315,10750,10750,10500,10600,660152
20120316,10600,10650,10400,10450,728905
20120319,10500,10800,10450,10800,1125604
20120320,10800,10850,10500,10650,827225
20120321,10550,10650,10450,10650,564510
20120322,10700,10800,10450,10500,746246
20120323,10450,10600,10400,10500,344947
20120326,10600,10950,10550,10800,1409816
20120327,10900,10950,10700,10700,949361
20120328,10700,10800,10450,10450,779584
20120329,10400,10450,10100,10100,876131
20120330,10150,10300,10100,10200,469260
20120402,10250,10450,10250,10300,497389
20120403,10400,10450,10250,10300,720695
20120404,10350,10350,10100,10100,620631
20120405,10000,10100,9850,10000,906970
20120406,9980,10050,9920,10050,569613
20120409,9950,9980,9730,9730,632058
20120410,9690,9990,9690,9830,448206
20120412,9780,9980,9690,9780,490590
20120413,9850,10050,9810,10000,569637
20120416,9920,9920,9770,9790,563134
20120417,9850,9890,9760,9810,354384
20120418,9850,10100,9850,10050,929339
20120419,10000,10100,9960,10000,345892
20120420,10000,10300,9910,10250,867615
20120423,10050,10100,9750,9800,1255032
20120424,9770,9870,9650,9650,876551
20120425,9990,10050,9660,9660,777633
20120426,9720,9810,9400,9550,514839
20120427,9610,9610,9410,9410,545467
20120430,9420,9520,9410,9450,394695
20120502,9410,9570,9410,9500,558758
20120503,9500,9560,9470,9470,313879
20120504,9470,9540,9270,9290,776985
20120507,9200,9240,9010,9080,711394
20120508,9130,9240,9100,9200,344386
20120509,9200,9200,9100,9150,541982
20120510,9120,9230,9090,9150,429563
20120511,9110,9140,8840,8840,643327
20120514,8840,8940,8700,8810,431714
20120515,8660,8810,8660,8760,438547
20120516,8660,8850,8660,8740,545196
20120517,8670,8800,8650,8700,501040
20120518,8500,8570,8300,8310,820416
20120521,8350,8410,8140,8140,426905
20120522,8180,8370,8130,8290,551151
20120523,8220,8300,8050,8150,634895
20120524,8100,8500,8100,8490,409900
20120525,8600,8710,8530,8600,310202
20120529,8670,8680,8510,8600,262869
20120530,8540,8640,8480,8640,429443
20120531,8530,8600,8340,8530,362078
20120601,8500,8500,8320,8480,319093
20120604,8120,8280,8010,8140,695868
20120605,8190,8340,8140,8340,308701
20120607,8500,8650,8460,8510,286042
20120608,8440,8600,8440,8580,266228
20120611,8620,8810,8620,8770,378872
20120612,8630,8670,8530,8600,337277
20120613,8660,8660,8450,8570,344702
20120614,8570,8870,8560,8870,868934
20120615,8780,9090,8770,9060,583372
20120618,9180,9230,9070,9110,597936
20120619,9070,9200,9040,9200,314246
20120620,9220,9320,9120,9320,442095
20120621,9320,9320,9040,9150,584512
20120622,9070,9090,8770,8770,685076
20120625,8780,8950,8690,8800,547310
20120626,8830,8840,8700,8710,286856
20120627,8650,8700,8560,8600,318496
20120628,8580,8670,8450,8480,346165
20120629,8430,8870,8420,8760,492320
20120702,8860,8910,8680,8750,339317
20120703,8710,8990,8710,8930,461668
20120704,8900,9000,8840,8840,259931
20120705,8810,9040,8800,8930,342380
20120706,8950,9000,8830,8840,206815
20120709,8900,8920,8710,8770,418187
20120710,8780,8910,8710,8780,352619
20120711,8800,8850,8690,8830,228071
20120712,8780,8930,8580,8580,585979
20120713,8660,8710,8550,8610,388002
20120716,8640,8710,8520,8580,282337
20120717,8550,8710,8530,8640,295446
20120718,8640,8700,8380,8390,387943
20120719,8540,8600,8460,8500,373605
20120720,8470,8550,8410,8450,326977
20120723,8460,8470,8220,8240,446331
20120724,8190,8300,8040,8080,462922
20120725,7980,8300,7940,8130,333173
20120726,8090,8190,8000,8100,495543
20120727,8440,8440,8210,8380,457836
20120730,8350,8410,8330,8350,284004
20120731,8350,8700,8310,8530,703046
20120801,8530,8810,8530,8750,508105
20120802,8660,8800,8600,8630,276470
20120803,8630,8690,8520,8520,284478
20120806,8690,8820,8640,8780,536477
20120807,8780,9100,8770,9030,599682
20120808,9050,9250,8980,9200,761370
20120809,9200,9450,9160,9400,1137484
20120810,9400,9510,9190,9500,626223
20120813,9430,9550,9430,9440,355320
20120814,9600,9670,9500,9630,563787
20120816,9530,9740,9530,9650,520363
20120817,9630,9870,9630,9860,568948
20120820,9860,9970,9760,9830,544595
20120821,9950,9960,9770,9820,560171
20120822,9890,9910,9610,9830,665245
20120823,9920,10100,9900,10000,818474
20120824,9940,10100,9850,9950,423693
20120827,9990,10200,9980,10100,727287
20120828,10050,10250,10000,10250,422149
20120829,10250,10250,9900,9940,587010
20120830,9900,9920,9610,9680,684373
20120831,9590,10050,9580,10000,682475
20120903,9970,9980,9660,9850,710106
20120904,9740,9940,9640,9650,477567
20120905,9590,9600,9340,9380,534136
20120906,9420,9850,9390,9780,665214
20120907,9870,10050,9870,10000,756592
20120910,10050,10150,9950,9950,477404
20120911,9920,10150,9860,9870,573935
20120912,9880,10100,9880,10050,400837
20120913,10050,10150,9970,10050,487044
20120914,10250,10700,10200,10550,1609070
20120917,10450,10750,10350,10450,716729
20120918,10500,10700,10400,10650,651779
20120919,10700,10850,10450,10750,788294
20120920,10800,10800,10600,10600,454504
20120921,10600,10800,10600,10700,355339
20120924,10600,10650,10350,10550,360191
20120925,10550,10650,10400,10400,340024
20120926,10350,10400,10150,10350,487292
20120927,10200,10700,10200,10550,465549
20120928,10650,10700,10400,10450,352399
20121002,10350,10450,10250,10300,282307
20121004,10400,10400,10000,10150,616418
20121005,10100,10250,10000,10000,385042
20121008,10050,10100,9870,9900,329985
20121009,9850,10200,9850,10150,328112
20121010,10000,10050,9910,9920,290479
20121011,9900,10550,9820,10050,1051120
20121012,10100,10200,10050,10150,511007
20121015,10100,10350,9980,10050,340735
20121016,10050,10150,9980,10000,243086
20121017,10150,10150,10000,10100,255514
20121018,10150,10550,10100,10450,522556
20121019,10450,10450,10200,10250,472342
20121022,10100,10300,10050,10150,481043
20121023,10150,10250,9950,9950,522347
20121024,9920,9920,9570,9610,940900
20121025,9540,9710,9320,9610,739637
20121026,9520,9630,9120,9170,940449
20121029,9170,9640,9170,9540,589877
20121030,9630,9750,9190,9410,700810
20121031,9310,9430,9150,9280,667848
20121101,9280,9350,8880,8950,794706
20121102,9000,9280,8960,9100,891078
20121105,9180,9200,8970,9090,357595
20121106,9090,9250,9040,9190,340448
20121107,9230,9440,9110,9440,421349
20121108,9210,9440,8950,8960,998229
20121109,8900,8920,8740,8800,803388
20121112,8820,8960,8760,8850,459805
20121113,8780,8920,8700,8920,331496
20121114,8950,9080,8930,9040,311560
20121115,8970,8970,8740,8940,416590
20121116,8990,8990,8810,8860,398675
20121119,8990,9120,8870,9080,457802
20121120,9200,9250,8900,9000,381878
20121121,9170,9200,9010,9140,322450
20121122,9240,9340,9160,9250,451380
20121123,9250,9250,9060,9130,282677
20121126,9200,9340,9090,9340,345648
20121127,9310,9570,9270,9540,611881
20121128,9560,9560,9270,9450,483359
20121129,9450,9530,9400,9450,492869
20121130,9450,9560,9370,9500,557354
20121203,9440,9550,9320,9320,341252
20121204,9250,9420,9230,9330,445609
20121205,9280,9340,9200,9240,348973
20121206,9200,9500,9190,9250,363573
20121207,9260,9420,9260,9320,222225
20121210,9240,9370,9240,9250,214056
20121211,9200,9590,9200,9540,600850
20121212,9570,9670,9500,9650,398304
20121213,9540,9800,9540,9800,751587
20121214,9800,9880,9690,9810,348005
20121217,9850,9900,9520,9550,388372
20121218,9640,9740,9470,9590,565205
20121220,9600,10150,9590,10050,1313566
20121221,10200,10200,9860,9980,769222
20121224,10000,10100,9910,10000,387296
20121226,10100,10200,10000,10150,392480
20121227,10100,10100,9870,10000,282982
20121228,9970,10100,9930,9950,378763
20130102,10100,10200,9950,10150,589110
20130103,10150,10300,10100,10250,692235
20130104,10300,10350,10000,10100,466338
20130107,10000,10050,9920,10050,295949
20130108,10000,10050,9850,9880,543118
20130109,9850,9940,9640,9670,491930
20130110,9620,9670,9520,9640,638632
20130111,9710,9710,9500,9510,463356
20130114,9510,9750,9510,9740,356659
20130115,9640,9750,9540,9590,356924
20130116,9550,9770,9500,9510,696958
20130117,9540,9580,9420,9520,257477
20130118,9550,9560,9440,9480,278691
20130121,9480,9680,9450,9650,372167
20130122,9660,9690,9460,9520,354108
20130123,9490,9520,9260,9260,614006
20130124,9240,9420,9210,9340,324528
20130125,9290,9390,9140,9390,342820
20130128,9400,9540,9350,9530,345731
20130129,9500,9600,9490,9540,378388
20130130,9580,9640,9410,9570,362141
20130131,9520,9570,9050,9050,927002
20130201,9050,9150,9010,9050,671182
20130204,9080,9190,8950,8950,597935
20130205,8900,8930,8610,8640,891509
20130206,8740,8780,8630,8700,466959
20130207,8660,8940,8650,8760,436249
20130208,8710,8880,8640,8780,450983
20130212,8710,8840,8710,8710,306537
20130213,8730,9060,8730,9040,527403
20130214,8970,9090,8920,8970,365209
20130215,8970,9040,8920,8930,304435
20130218,9010,9010,8920,8930,220745
20130219,9020,9040,8950,9040,240303
20130220,9100,9270,9010,9210,632081
20130221,9190,9250,9140,9170,292604
20130222,9220,9400,9190,9250,573955
20130225,9250,9280,9060,9060,356476
20130226,9050,9140,9010,9070,262680
20130227,9170,9170,8870,8870,625831
20130228,8870,9170,8870,9090,506791
20130304,9070,9140,8880,8890,561555
20130305,8910,9010,8850,8900,268727
20130306,9010,9140,8990,9080,448260
20130307,9150,9150,9020,9090,390490
20130308,9080,9240,9030,9160,355720
20130311,9200,9200,9020,9150,319582
20130312,9200,9260,9000,9010,336179
20130313,9010,9070,8920,8950,451100
20130314,8980,8980,8820,8900,576776
20130315,8990,9080,8800,8800,1195499
20130318,8830,8960,8770,8830,431116
20130319,8890,8970,8830,8840,412844
20130320,8870,8940,8810,8820,376394
20130321,8850,8910,8800,8800,289690
20130322,8780,8860,8710,8710,330334
20130325,8840,9010,8800,8930,453963
20130326,8930,8980,8860,8860,425496
20130327,8930,9080,8840,9060,471837
20130328,9050,9080,8930,8940,339299
20130329,9050,9200,9050,9160,530679
20130401,9320,9370,9140,9200,530850
20130402,9230,9250,8780,8830,1094496
20130403,8820,8910,8810,8830,429637
20130404,8810,8810,8590,8640,724074
20130405,8600,8610,8410,8420,615621
20130408,8330,8520,8330,8480,464087
20130409,8530,8610,8370,8510,489763
20130410,8610,8610,8450,8520,432003
20130411,8360,8440,7950,8090,1758853
20130412,8160,8170,7990,8070,666041
20130415,8080,8090,7710,7730,1179754
20130416,7610,7990,7610,7910,1211104
20130417,7910,7920,7480,7650,1955626
20130418,7640,7840,7570,7700,649135
20130419,7620,7840,7620,7690,627036
20130422,7650,7750,7640,7710,423216
20130423,7720,7780,7670,7750,411612
20130424,7770,7890,7770,7800,772370
20130425,7880,7880,7580,7630,1350460
20130426,7640,7650,7480,7500,953213
20130429,7480,7530,7350,7420,710553
20130430,7470,7640,7470,7560,675057
20130502,7530,7640,7480,7490,537087
20130503,7550,7600,7450,7490,479569
20130506,7560,7730,7540,7610,825420
20130507,7670,7750,7590,7680,628852
20130508,7740,7850,7680,7790,797073
20130509,7850,8050,7840,8000,1676264
20130510,8000,8010,7840,7870,866043
20130513,7860,7920,7730,7880,551272
20130514,7880,8060,7820,8010,924557
20130515,8020,8040,7850,7900,893761
20130516,7870,7990,7870,7940,776086
20130520,8010,8020,7870,7880,616932
20130521,7870,7940,7870,7910,391873
20130522,7940,8000,7910,7930,559161
20130523,7890,7920,7820,7850,755075
20130524,7880,7900,7760,7800,423979
20130527,7770,7900,7750,7860,302710
20130528,7850,7920,7850,7870,629234
20130529,7920,7980,7870,7950,768263
20130530,7930,7950,7880,7910,469765
20130531,7930,7970,7830,7890,686257
20130603,7820,7930,7820,7870,353858
20130604,7890,7900,7710,7720,490383
20130605,7730,7740,7570,7590,465225
20130607,7650,7770,7650,7730,512113
20130610,7750,7750,7650,7670,260009
20130611,7740,7830,7730,7800,690992
20130612,7760,7820,7730,7740,225918
20130613,7700,7780,7610,7670,824099
20130614,7710,7750,7650,7750,426422
20130617,7750,7760,7650,7660,322815
20130618,7660,7670,7460,7500,532917
20130619,7530,7530,7260,7330,723885
20130620,7270,7290,7110,7150,601099
20130621,6990,7130,6960,7120,728229
20130624,7060,7120,6960,7020,477045
20130625,6990,7200,6970,7070,808024
20130626,7080,7160,6900,6900,754267
20130627,7000,7080,6960,6970,468814
20130628,6970,7150,6970,7090,796302
20130701,7020,7100,7020,7050,449422
20130702,7070,7240,7010,7230,721886
20130703,7210,7230,6960,6990,858953
20130704,7000,7040,6950,7030,487109
20130705,7050,7100,6930,6960,413380
20130708,7000,7010,6790,6810,600329
20130709,6850,6880,6760,6810,399817
20130710,6830,6860,6750,6760,266720
20130711,6770,6990,6770,6990,493788
20130712,6950,7030,6920,6940,369971
20130715,6940,7050,6860,7050,436734
20130716,7010,7160,6940,6970,410999
20130717,6970,7240,6930,7160,740804
20130718,7140,7170,7000,7050,477836
20130719,7060,7120,6990,7000,415366
20130722,7060,7270,7040,7250,822822
20130723,7280,7440,7220,7360,628675
20130724,7350,7430,7270,7420,481487
20130725,7490,7810,7410,7740,1186612
20130726,7790,7790,7510,7540,614051
20130729,7550,7600,7440,7540,387376
20130730,7590,7760,7510,7720,425820
20130731,7750,7760,7630,7720,380535
20130801,7640,7770,7600,7640,693909
20130802,7660,7700,7470,7520,625115
20130805,7520,7630,7520,7520,261297
20130806,7510,7550,7410,7480,396221
20130807,7500,7540,7420,7420,409318
20130808,7490,7690,7430,7640,600476
20130809,7560,7600,7480,7520,561588
20130812,7460,7700,7450,7600,708973
20130813,7670,7670,7560,7600,314248
20130814,7620,7620,7550,7560,336688
20130816,7450,7620,7430,7550,291470
20130819,7560,7620,7520,7550,253345
20130820,7500,7580,7320,7360,704163
20130821,7400,7410,7100,7110,565062
20130822,7060,7110,6960,7040,512680
20130823,6970,7090,6970,7010,546279
20130826,7000,7120,6980,7090,371267
20130827,7040,7270,7040,7190,464159
20130828,7050,7170,7030,7170,356927
20130829,7220,7270,7160,7200,600702
20130830,7210,7450,7210,7380,756123
20130902,7350,7510,7320,7470,743941
20130903,7560,7830,7500,7760,1152990
20130904,7770,7790,7570,7790,750913
20130905,7800,8000,7750,7900,1065888
20130906,7900,7900,7770,7800,486125
20130909,7900,8090,7830,8090,828756
20130910,8130,8180,8040,8180,833357
20130911,8160,8290,8130,8290,654293
20130912,8300,8400,8140,8330,924887
20130913,8300,8480,8250,8460,730674
20130916,8480,8600,8460,8600,691920
20130917,8590,8720,8470,8700,658234
20130923,8800,8990,8740,8950,969583
20130924,8950,8990,8620,8620,857407
20130925,8590,8780,8560,8600,460688
20130926,8560,8680,8560,8620,317596
20130927,8640,8930,8630,8930,676570
20130930,8860,8960,8690,8690,713125
20131001,8630,9110,8630,9040,918664
20131002,9000,9060,8530,8550,1017259
20131004,8460,8660,8210,8550,502683
20131007,8460,8650,8450,8480,414626
20131008,8480,8570,8260,8500,443507
20131010,8520,8640,8290,8330,526057
20131011,8430,8650,8400,8640,625412
20131014,8580,8700,8540,8630,229234
20131015,8700,8770,8620,8700,296973
20131016,8600,8720,8550,8570,382346
20131017,8590,8670,8380,8490,496166
20131018,8400,8670,8400,8620,346916
20131021,8600,8630,8380,8430,416174
20131022,8490,8640,8450,8640,443248
20131023,8690,8920,8570,8650,485380
20131024,8730,8770,8600,8720,249734
20131025,8780,8780,8510,8550,326005
20131028,8560,8600,8410,8490,346857
20131029,8450,8590,8380,8590,452231
20131030,8630,8700,8500,8620,424842
20131031,8530,8690,8450,8590,537256
20131101,8500,8610,8390,8430,393073
20131104,8410,8420,8160,8160,621030
20131105,8190,8300,8110,8180,415195
20131106,8100,8200,8100,8110,358337
20131107,8110,8190,7970,7970,285423
20131108,7970,7970,7800,7810,498475
20131111,7840,7910,7810,7830,255179
20131112,7800,8160,7800,8140,454364
20131113,8100,8200,7810,7970,370716
20131114,7970,8020,7830,7830,600996
20131115,7880,8030,7880,7980,388218
20131118,8020,8050,7930,7930,174584
20131119,7890,8430,7810,8340,793606
20131120,8270,8430,8150,8250,725692
20131121,8250,8250,7890,8080,687024
20131122,8070,8110,8010,8060,208304
20131125,8190,8390,8190,8270,325500
20131126,8270,8410,8160,8380,599653
20131127,8430,8450,8300,8400,305976
20131128,8470,8570,8420,8510,405354
20131129,8460,8550,8400,8530,221997
20131202,8450,8500,8210,8290,337804
20131203,8210,8240,8070,8210,445874
20131204,8150,8300,8140,8250,383879
20131205,8150,8240,8030,8110,322165
20131206,8110,8180,8060,8060,228635
20131209,8060,8190,8060,8090,213845
20131210,8120,8180,8070,8180,137294
20131211,8110,8180,8000,8000,324360
20131212,7980,8040,7900,7900,504720
20131213,7910,7940,7610,7690,757688
20131216,7710,7830,7700,7810,333122
20131217,6940,7440,6780,6940,3230590
20131218,6950,7220,6950,7170,1210803
20131219,7150,7200,6900,6970,1235491
20131220,6980,7040,6910,6980,659079
20131223,6980,7080,6980,7080,520574
20131224,7080,7110,7000,7080,468022
20131226,7080,7210,7080,7160,578182
20131227,7140,7270,7080,7160,425473
20131230,7170,7370,7120,7370,505992
20140102,7390,7420,7060,7090,627341
20140103,7070,7130,6930,6990,588327
20140106,6950,6960,6720,6730,974355
20140107,6730,6820,6720,6780,1202859
20140108,6810,7060,6660,6770,1231490
20140109,6790,6810,6680,6690,1044281
20140110,6670,6820,6670,6680,1009393
20140113,6710,6740,6520,6620,1018188
20140114,6580,6650,6360,6370,2002162
20140115,6380,6540,6360,6400,1556037
20140116,6430,6480,6370,6400,1203517
20140117,6400,6410,6160,6180,2145228
20140120,6180,6210,6040,6100,1789478
20140121,6150,6290,6100,6240,1692275
20140122,6300,6300,6170,6240,1016913
20140123,6260,6260,6160,6170,1105704
20140124,6120,6210,6080,6100,1316995
20140127,5980,6010,5930,5930,1171774
20140128,5930,6700,5910,6450,4983814
20140129,6490,6870,6360,6820,2943219
20140203,6750,6890,6610,6740,1867402
20140204,6620,6680,6560,6630,1056873
20140205,6700,7060,6700,6980,2511599
20140206,7040,7210,7000,7150,1665944
20140207,7070,7420,6920,7380,2429073
20140210,7350,7580,7320,7400,1488440
20140211,7300,7540,6520,7400,4821875
20140212,7400,7400,7070,7350,1819812
20140213,7350,7690,7340,7470,1702185
20140214,7490,7690,7440,7660,929635
20140217,7690,8230,7530,8210,2820996
20140218,8240,8280,7990,8190,1293516
20140219,8150,8400,8030,8120,1336684
20140220,8060,8700,8050,8530,3091420
20140221,8630,8720,8460,8700,1118839
20140224,8610,8680,8500,8550,854413
20140225,8520,8660,8160,8320,2303188
20140226,8270,8350,8100,8130,1786003
20140227,8170,8480,8110,8390,1011132
20140228,8360,8450,8140,8140,927345
20140303,8160,8410,8140,8300,891021
20140304,8170,8340,8160,8240,528320
20140305,8330,8860,8280,8750,2026745
20140306,8760,8760,8530,8670,711435
20140307,8710,8820,8550,8550,772797
20140310,8500,8500,8260,8380,1094503
20140311,8420,8490,8270,8440,811179
20140312,8340,8400,7780,7800,2375016
20140313,7830,8080,7780,8000,1171068
20140314,7910,7980,7610,7690,1113434
20140317,7700,7920,7620,7860,601159
20140318,8000,8120,7850,7850,501300
20140319,7860,7970,7830,7850,276454
20140320,7820,7910,7660,7680,523279
20140321,7710,7810,7710,7740,330365
20140324,7750,7870,7530,7540,706123
20140325,7650,7770,7570,7670,751844
20140326,7800,7940,7710,7930,578716
20140327,7890,7960,7770,7920,753544
20140328,7940,7990,7800,7960,722691
20140331,7970,8050,7810,7950,755175
20140401,7880,7950,7750,7820,730808
20140402,7840,7920,7710,7770,962746
20140403,7790,8270,7790,8020,2012114
20140404,8090,8230,8000,8220,1105862
20140407,8140,8220,7980,7980,557029
20140408,7930,8040,7770,7850,1109632
20140409,7850,8180,7800,8170,1064857
20140410,8210,8400,8150,8230,1133497
20140411,8130,8160,8030,8130,677645
20140414,8060,8230,8050,8090,412668
20140415,8150,8160,7940,7960,622106
20140416,8000,8100,8000,8050,437422
20140417,8110,8170,7960,8110,472832
20140418,8110,8220,8100,8160,426771
20140421,8120,8150,7990,8070,385288
20140422,8080,8230,8010,8220,573095
20140423,8230,8320,8140,8190,584241
20140424,8190,8230,8030,8160,567980
20140425,8060,8120,7800,7860,882882
20140428,7780,8210,7780,7970,580758
20140429,8010,8560,8010,8480,2192574
20140430,8530,8670,8390,8560,1333362
20140502,8590,8610,8430,8590,808193
20140507,8530,8590,8330,8330,487197
20140508,8300,8600,8300,8590,723749
20140509,8550,8750,8470,8650,631509
20140512,8650,8710,8470,8600,530296
20140513,8570,8700,8520,8690,592838
20140514,8640,8720,8610,8680,463157
20140515,8620,8850,8620,8730,607380
20140516,8660,8840,8660,8770,549754
20140519,8780,8870,8520,8530,857725
20140520,8550,8690,8510,8580,538665
20140521,8600,8750,8570,8720,629658
20140522,8660,8740,8610,8690,386065
20140523,8690,8690,8540,8590,565840
20140526,8500,8720,8490,8660,515331
20140527,8750,8780,8620,8680,522127
20140528,8620,8830,8620,8810,665591
20140529,8810,8820,8650,8660,405686
20140530,8730,8750,8330,8350,772656
20140602,8380,8490,8280,8430,401882
20140603,8360,8460,8270,8390,644850
20140605,8280,8420,8180,8270,595701
20140609,8260,8560,8220,8350,332616
20140610,8390,8390,8190,8300,417962
20140611,8330,8370,8150,8220,483879
20140612,8180,8210,8020,8060,749337
20140613,7980,7990,7610,7700,1686714
20140616,7760,7970,7720,7960,941578
20140617,7980,7990,7680,7710,692665
20140618,7770,8020,7750,7940,621775
20140619,8050,8260,7950,8260,674436
20140620,8200,8240,8060,8150,459265
20140623,8150,8360,8150,8310,697655
20140624,8220,8400,8210,8340,680168
20140625,8300,8380,8200,8220,435191
20140626,8250,8420,8220,8420,554409
20140627,8400,8470,8280,8390,511160
20140630,8460,8800,8440,8770,1363723
20140701,8790,8950,8640,8720,1041715
20140702,8790,8920,8710,8900,792952
20140703,8860,9350,8840,9320,1514199
20140704,9330,9480,9270,9330,945380
20140707,9380,9530,9360,9460,571515
20140708,9460,9530,9360,9460,675662
20140709,9510,9680,9360,9670,1049692
20140710,9700,9720,9380,9380,748602
20140711,9280,9360,9130,9260,665013
20140714,9230,9580,9230,9570,624221
20140715,9570,9620,9370,9430,681654
20140716,9360,9380,9180,9260,494901
20140717,9200,9370,9140,9260,409939
20140718,9160,9440,9160,9200,353207
20140721,9290,9570,9230,9390,553240
20140722,9420,10200,9400,10000,2125310
20140723,10050,10300,9880,9890,1648753
20140724,9980,10300,9510,9580,2488908
20140725,9650,9920,9530,9700,1553252
20140728,9580,10200,9510,10200,2059340
20140729,10250,10350,9840,9960,2030318
20140730,9990,10050,9740,10000,929483
20140731,10050,10200,9870,9960,1012570
20140801,9760,10050,9760,9920,889416
20140804,9920,9920,9520,9650,1052313
20140805,9670,9700,9210,9280,1644727
20140806,9300,9420,9090,9210,1494213
20140807,9200,9370,9130,9300,1060218
20140808,9210,9320,8740,8790,2021564
20140811,8860,8900,8660,8840,1029482
20140812,8880,9050,8870,9000,826485
20140813,9000,9160,8940,9060,777651
20140814,9050,9070,8630,8660,1604329
20140818,8750,8830,8640,8650,840651
20140819,8700,9020,8700,8980,1245109
20140820,9010,9010,8680,8760,718700
20140821,8800,8800,8350,8400,1104707
20140822,8310,8390,7810,8160,2164574
20140825,8160,8450,8000,8260,1369036
20140826,8340,8750,8280,8720,1125776
20140827,8790,8830,8560,8830,815043
20140828,8740,8800,8600,8600,617542
20140829,8600,8660,8520,8520,534436
20140901,8480,8840,8470,8830,680420
20140902,8900,8930,8640,8640,719896
20140903,8650,8720,8500,8520,517683
20140904,8540,8730,8500,8610,577879
20140905,8580,8690,8520,8520,360577
20140911,8520,8680,8490,8490,698887
20140912,8570,8770,8500,8770,610073
20140915,8780,8790,8510,8510,446260
20140916,8590,8680,8510,8680,313763
20140917,8680,8680,8250,8300,1781946
20140918,8210,8400,8180,8360,740807
20140919,8420,8460,8320,8390,674281
20140922,8430,8440,8160,8180,879885
20140923,8090,8290,8090,8200,603051
20140924,8200,8270,8160,8220,451655
20140925,8260,8300,8060,8100,707142
20140926,8050,8070,7860,7900,793722
20140929,7920,7970,7600,7630,990336
20140930,7650,7720,7580,7680,461751
20141001,7680,7700,7450,7450,531289
20141002,7400,7490,7270,7330,687552
20141006,7490,7630,7460,7500,819404
20141007,7450,7680,7340,7350,737337
20141008,7260,7500,7220,7360,528277
20141010,7380,7380,7230,7320,382553
20141013,7290,7340,6990,7030,812148
20141014,7060,7160,7000,7050,761915
20141015,7050,7140,6800,6800,1139814
20141016,6700,7000,6590,6880,854480
20141017,6970,6970,6520,6580,1014355
20141020,6680,6950,6660,6880,762486
20141021,6850,6860,6670,6740,609644
20141022,6900,6900,6750,6800,413500
20141023,6850,6850,6710,6710,272200
20141024,6760,6790,6390,6420,1083037
20141027,6450,6790,6430,6760,853199
20141028,6740,6750,6600,6600,379315
20141029,6730,7100,6660,7060,864808
20141030,6970,6990,6580,6660,883818
20141031,6710,6780,6510,6550,753885
20141103,6590,6750,6530,6670,964202
20141104,6630,6820,6440,6540,827665
20141105,6600,6620,6500,6520,462315
20141106,6550,6730,6500,6720,870255
20141107,6700,6740,6520,6570,918166
20141110,6610,6700,6590,6590,569723
20141111,6640,6780,6580,6640,864871
20141112,6630,6820,6590,6820,1031526
20141113,6850,7070,6850,6910,1531317
20141114,6890,6890,6670,6710,908132
20141117,6720,6910,6710,6820,763709
20141118,6780,6860,6680,6690,884498
20141119,6720,6740,6500,6510,1222646
20141120,6530,6580,6330,6400,1030734
20141121,6400,6460,6390,6440,495779
20141124,6500,6690,6490,6630,904153
20141125,6640,6810,6570,6810,938937
20141126,6830,6840,6630,6700,692434
20141127,6690,6700,6500,6520,753529
20141128,6490,6510,6250,6290,1624690
20141201,6260,6290,6070,6090,852383
20141202,6120,6180,6060,6090,1350941
20141203,6080,6180,6070,6070,657160
20141204,6100,6210,6080,6100,539369
20141205,6140,6250,6140,6210,465887
20141208,6170,6250,6140,6200,416802
20141209,6210,6230,6070,6070,700635
20141210,6050,6050,5930,5950,725074
20141211,5900,5920,5740,5740,1116672
20141212,5780,5840,5460,5540,1679705
20141215,5450,5690,5420,5690,712604
20141216,5600,5630,5550,5620,690941
20141217,5600,5780,5600,5760,569896
20141218,5830,5870,5610,5700,900693
20141219,5750,5830,5660,5720,580765
20141222,5660,5860,5660,5790,686099
20141223,5790,5860,5770,5800,511929
20141224,5800,6070,5770,5940,831791
20141226,6050,6050,5850,5890,619655
20141229,5950,6020,5870,5880,457078
20141230,5860,6000,5860,5890,613826
20150102,5870,5880,5580,5590,1207298
20150105,5550,5580,5430,5560,886935
20150106,5480,5540,5400,5410,1000697
20150107,5360,5470,5150,5160,1653421
20150108,5170,5410,5170,5410,1364598
20150109,5400,5530,5400,5460,996410
20150112,5450,5560,5350,5360,1059170
20150113,5370,5460,5340,5350,622382
20150114,5310,5380,5170,5170,1159412
20150115,5180,5310,5170,5210,940121
20150116,5210,5270,5110,5150,822570
20150119,5210,5340,5210,5260,794945
20150120,5270,5320,5240,5260,647003
20150121,5280,5280,5170,5170,711117
20150122,5210,5390,5210,5350,977738
20150123,5420,5470,5280,5340,943698
20150126,5350,5420,5290,5380,601366
20150127,5460,5650,5450,5630,1175336
20150128,5630,6270,5600,6250,3134903
20150129,6510,6870,6410,6670,6186054
20150130,6750,6970,6580,6780,3572217
20150202,6740,6930,6700,6790,2026378
20150203,6910,6920,6650,6720,2143882
20150204,6830,7000,6770,6990,2384458
20150205,6990,7110,6780,7030,2296313
20150206,7050,7070,6870,6960,1051189
20150209,7000,7200,6950,7140,1675420
20150210,7120,7190,7030,7060,1290801
20150211,7060,7250,7060,7110,1469909
20150212,7110,7160,6760,6810,2047203
20150213,6870,6930,6740,6910,1045296
20150216,6890,6930,6730,6900,1001689
20150217,6880,7120,6860,7030,1295154
20150223,7100,7150,7040,7100,749358
20150224,7080,7090,6920,6920,1047850
20150225,7000,7700,6960,7450,4714112
20150226,7570,8130,7500,8030,4956263
20150227,8160,8180,7860,7910,2495037
20150302,7990,8270,7990,8160,2976418
20150303,8220,8300,8000,8060,1435465
20150304,8060,8150,7910,8080,1870206
20150305,8000,8160,7960,8010,1104361
20150306,7970,8030,7800,7890,1283887
20150309,7870,8040,7760,7760,1632747
20150310,7840,7840,7360,7500,2284595
20150311,7360,7540,7250,7410,1549454
20150312,7410,7810,7340,7530,2367420
20150313,7700,7760,7430,7470,1264699
20150316,7470,7480,7150,7170,1798841
20150317,7170,7990,7150,7880,4002163
20150318,7910,8080,7830,7870,2084995
20150319,8150,8210,7950,7990,1913565
20150320,7990,8020,7790,7840,1061705
20150323,7940,8210,7910,8080,1852578
20150324,8170,8180,7970,8100,1095022
20150325,8140,8260,8030,8210,1495473
20150326,7800,7910,7200,7470,8705295
20150327,7620,7750,7460,7550,2160192
20150330,7630,7810,7580,7780,1877971
20150331,7800,8000,7700,7930,1867069
20150401,7880,8080,7670,7740,1903539
20150402,7790,7830,7620,7790,1086670
20150403,7920,8060,7900,8000,1251502
20150406,8210,8340,8060,8100,3228468
20150407,8150,8230,8060,8130,1217547
20150408,8160,8200,8020,8070,1267795
20150409,8080,8160,8040,8110,1061711
20150410,8120,8220,8020,8090,1548704
20150413,8240,9090,8180,8920,6598539
20150414,9030,9200,8740,9040,3534309
20150415,9110,9330,8900,9160,2611570
20150416,9210,9270,8950,9030,1653801
20150417,9040,9040,8660,8830,2452475
20150420,8610,8970,8600,8930,1613338
20150421,8990,9020,8720,8730,1391532
20150422,8740,8980,8320,8590,1821832
20150423,8660,8750,8370,8420,1906271
20150424,8510,8660,8130,8240,2435698
20150427,8210,8400,8100,8150,2047439
20150428,8220,8220,7850,7980,2820421
20150429,7980,7980,7310,7400,4749274
20150430,7390,7410,7110,7130,3132990
20150504,7170,7360,7140,7140,1657496
20150506,7140,7140,6950,7110,2057613
20150507,7140,7230,7050,7120,1565170
20150508,7150,7170,7040,7040,871320
20150511,7160,7270,7060,7070,1056146
20150512,7100,7210,7070,7170,844332
20150513,7120,7250,7110,7210,731843
20150514,7170,7670,7150,7650,2721760
20150515,7720,7760,7380,7390,1912752
20150518,7450,7600,7320,7330,1211260
20150519,7340,7460,7120,7160,1882942
20150520,7230,7530,7230,7380,2212287
20150521,7410,7460,7160,7190,1258430
20150522,7200,7380,7200,7350,1137318
20150526,7350,7350,7050,7060,1562380
20150527,7020,7440,6920,7430,2024583
20150528,7340,7380,7200,7210,1466521
20150529,7260,7310,7060,7070,1519582
20150601,7090,7250,7030,7110,1004418
20150602,7110,7200,6950,6960,1225396
20150603,6920,7280,6920,7070,1828935
20150604,7010,7220,6990,7100,1478044
20150605,6980,7140,6970,6980,837064
20150608,6980,7120,6960,7050,937858
20150609,7070,7300,7070,7130,1403226
20150610,7250,7250,6990,7030,1120426
20150611,7080,7100,6800,6930,1935135
20150612,6900,7020,6540,6640,2035357
20150615,6570,6680,6420,6460,1178985
20150616,6480,6500,6160,6190,1638095
20150617,6210,6560,6210,6420,1374525
20150618,6440,6620,6380,6420,857332
20150619,6400,6630,6380,6450,1000464
20150622,6600,6690,6520,6560,487609
20150623,6630,6660,6560,6570,811850
20150624,6600,6750,6520,6740,1061432
20150625,6700,6880,6620,6640,968461
20150626,6660,6690,6550,6590,610258
20150629,6530,6530,6140,6180,1439151
20150630,6140,6300,6120,6180,1418165
20150701,6200,6400,6150,6310,1008877
20150702,6370,6420,6200,6230,986960
20150703,6260,6370,6250,6350,716444
20150706,6230,6290,6050,6120,1577252
20150707,6170,6230,6120,6200,746706
20150708,6270,6280,6100,6180,684691
20150709,6130,6140,5990,6060,1124423
20150710,6060,6310,6060,6150,1122628
20150713,6150,6390,6150,6370,893189
20150714,6400,6410,6230,6400,1320800
20150715,6800,6950,6430,6490,3525978
20150716,6500,6510,6320,6450,1299314
20150717,6530,6530,6160,6280,1737858
20150720,6250,6270,5960,6120,1866040
20150721,6080,6230,6080,6210,950462
20150722,6200,6220,6120,6200,835421
20150723,6200,6340,6070,6250,1591292
20150724,6150,6180,5990,6070,1550470
20150727,6050,6210,5980,6100,1077194
20150728,6080,6450,6060,6400,1931614
20150729,6480,6850,6390,6670,3160033
20150730,6790,6970,6760,6880,2263130
20150731,6960,6980,6700,6900,1877467
20150803,6990,6990,6720,6800,980179
20150804,6800,6830,6560,6650,1090096
20150805,6630,6750,6560,6710,704945
20150806,6680,6720,6570,6580,757773
20150807,6540,6580,6470,6490,615890
20150810,6450,6530,6340,6420,520846
20150811,6480,6550,6440,6500,624350
20150812,6350,6820,6350,6790,1663783
20150813,6800,6860,6570,6710,1084613
20150817,6790,6790,6540,6680,532901
20150818,6710,6830,6640,6670,982100
20150819,6610,6870,6500,6550,1168904
20150820,6450,6540,6100,6110,1591779
20150821,5900,6160,5840,6070,1037927
20150824,6020,6280,6020,6130,1309562
20150825,6150,6290,6050,6250,1211400
20150826,6250,6390,6150,6320,709320
20150827,6310,6380,6210,6230,736427
20150828,6300,6430,6280,6390,1054348
20150831,6320,6440,6270,6370,647789
20150901,6370,6460,6200,6210,649970
20150902,6120,6280,6120,6180,451926
20150903,6250,6280,6100,6120,635133
20150904,6120,6210,6100,6180,771244
20150907,6140,6240,6120,6140,479451
20150908,6220,6220,6050,6100,411343
20150909,6170,6210,6120,6210,788115
20150910,6180,6420,6160,6420,914489
20150911,6340,6390,6240,6240,664366
20150914,6290,6340,6180,6210,489232
20150915,6190,6280,6120,6130,583612
20150916,6190,6380,6180,6340,1324473
20150917,6400,6580,6350,6570,1745667
20150918,6610,6660,6410,6530,988029
20150921,6480,6530,6400,6460,673353
20150922,6560,6750,6540,6710,1248402
20150923,6710,6720,6420,6430,1173481
20150924,6520,6530,6360,6400,668451
20150925,6430,6560,6400,6490,847124
20150930,6400,6470,6310,6380,832171
20151001,6400,6610,6400,6570,871388
20151002,6570,6580,6360,6360,760791
20151005,6400,6460,6280,6320,1081537
20151006,6430,6480,6380,6420,445254
20151007,6500,6610,6450,6600,1696550
20151008,6650,6690,6550,6600,932748
20151012,6650,6990,6640,6950,2163507
20151013,6910,7080,6840,7050,1264879
20151014,7150,7170,6850,6890,1091622
20151015,6910,7040,6910,6960,597892
20151016,7050,7050,6820,6850,566031
20151019,6920,7100,6820,7050,1099191
20151020,7100,7200,6980,7190,1283872
20151021,7200,7300,7120,7270,1211873
20151022,7200,7270,7010,7030,824797
20151023,7120,7360,7070,7330,1507791
20151026,7400,7480,7170,7410,1924788
20151027,7380,7410,6900,7010,2101339
20151028,7010,7040,6840,6940,1078868
20151029,6930,6950,6650,6670,1395766
20151030,6680,6700,6470,6510,903741
20151102,6420,6650,6420,6620,767586
20151103,6700,6730,6630,6730,636493
20151104,6760,6760,6590,6660,502544
20151105,6600,6640,6510,6550,472756
20151106,6550,6550,6390,6400,563448
20151109,6370,6390,6210,6220,657575
20151110,6200,6380,6040,6210,883261
20151111,6180,6320,6180,6190,443442
20151112,6190,6250,6150,6190,239940
20151113,6130,6240,6120,6220,484717
20151116,6100,6200,6080,6130,680361
20151117,6170,6280,6160,6270,423745
20151118,6210,6260,6150,6180,524637
20151119,6220,6450,6210,6380,522425
20151120,6330,6400,6300,6330,303453
20151123,6370,6500,6350,6480,566340
20151124,6480,6630,6460,6580,482249
20151125,6560,6560,6450,6460,217902
20151126,6510,6540,6310,6470,410547
20151127,6530,6570,6420,6450,257759
20151130,6360,6370,6170,6210,1095146
20151201,6220,6350,6220,6300,323696
20151202,6250,6350,6250,6290,286406
20151203,6250,6320,6230,6300,238261
20151204,6240,6270,6210,6240,312232
20151207,6350,6350,6150,6150,382132
20151208,6150,6230,6050,6060,461915
20151209,6060,6100,5920,5960,420610
20151210,5960,6000,5880,5960,526517
20151211,5950,6030,5790,5840,590724
20151214,5790,5800,5560,5570,652027
20151215,5580,5720,5540,5600,590107
20151216,5660,5770,5630,5680,736398
20151217,5720,5750,5620,5680,464202
20151218,5680,5690,5620,5620,578989
20151221,5620,5690,5550,5590,491954
20151222,5590,5610,5520,5600,454052
20151223,5620,5790,5580,5710,531839
20151224,5730,5880,5730,5830,416491
20151228,5840,5880,5660,5660,473224
20151229,5600,5740,5600,5650,320390
20151230,5680,5750,5590,5600,367938
20160104,5540,5610,5350,5350,744578
20160105,5260,5420,5260,5310,503058
20160106,5300,5370,5160,5210,981888
20160107,5240,5260,5130,5190,532865
20160108,5190,5320,5060,5290,484333
20160111,5220,5340,5120,5250,547177
20160112,5300,5330,5100,5120,592939
20160113,5170,5600,5160,5440,2043769
20160114,5350,5420,5270,5320,741668
20160115,5390,5440,5150,5210,787206
20160118,5430,5690,5330,5370,899100
20160119,5420,5420,5250,5290,495852
20160120,5290,5330,5060,5180,749771
20160121,5110,5270,5100,5190,497294
20160122,5260,5370,5230,5370,517650
20160125,5450,5570,5370,5530,582832
20160126,5490,5490,5240,5380,781556
20160127,5490,5660,5430,5560,1379645
20160128,5500,5600,5380,5480,838815
20160129,5480,5580,5410,5540,628917
20160201,5600,5630,5430,5510,935882
20160202,5460,5570,5420,5540,465141
20160203,5480,5480,5320,5350,912335
20160204,5400,5620,5390,5550,873686
20160205,5550,5670,5510,5560,485207
20160211,5380,5460,5300,5360,777560
20160212,5320,5420,5250,5330,768161
20160215,5420,5500,5380,5500,623875
20160216,5570,5570,5380,5540,683603
20160217,5550,5630,5480,5570,745583
20160218,5690,5710,5600,5660,1020284
20160219,5600,5650,5530,5550,592829
20160222,5500,5580,5470,5520,406290
20160223,5570,5600,5520,5550,545914
20160224,5530,5550,5410,5450,545548
20160225,5460,5500,5410,5480,514317
20160226,5480,5500,5410,5430,406595
20160229,5470,5470,5360,5360,640043
20160302,5440,5540,5400,5500,889402
20160303,5510,6300,5490,6210,3703120
20160304,6210,6270,6070,6270,1421098
20160307,6200,6380,6160,6290,1158220
20160308,6290,6360,6140,6310,950723
20160309,6220,6280,6040,6150,1364074
20160310,6150,6310,6130,6270,1062403
20160311,6270,6270,6160,6200,513389
20160314,6230,6280,6140,6150,512832
20160315,6160,6290,6150,6250,632213
20160316,6280,6280,5900,5940,1428577
20160317,5980,6240,5940,6200,1067460
20160318,6230,6580,6230,6500,2870306
20160321,6550,6580,6440,6440,794234
20160322,6570,6580,6420,6480,668071
20160323,6450,6520,6360,6420,632439
20160324,6390,6550,6360,6470,1174324
20160325,6880,6980,6430,6430,4635364
20160328,6430,6470,6240,6410,1139934
20160329,6440,6470,6360,6420,1000423
20160330,6440,6520,6390,6400,861211
20160331,6420,6470,6270,6280,818119
20160401,6280,6320,6090,6100,1706852
20160404,6140,6140,6000,6030,941677
20160405,5940,6020,5910,5940,1161438
20160406,5970,6100,5950,6020,1143640
20160407,6030,6050,5890,5890,842374
20160408,5840,5970,5820,5930,868405
20160411,5990,6000,5850,5920,463286
20160412,5910,6180,5910,6110,1024394
20160414,6200,6240,6130,6220,993854
20160415,6200,6220,6050,6060,945554
20160418,6020,6090,5950,6040,756821
20160419,6180,6650,6170,6490,4182200
20160420,6540,6590,6440,6440,1709240
20160421,6570,6730,6490,6700,2171626
20160422,6670,6740,6580,6730,1109363
20160425,6760,6790,6470,6540,1408770
20160426,6490,6550,6430,6460,858007
20160427,6410,6510,6390,6450,493012
20160428,6510,6720,6460,6670,1435229
20160429,6670,6680,6270,6350,2544936
20160502,6380,6440,6180,6180,1364391
20160503,6290,6310,6050,6060,2229473
20160504,6050,6400,5960,6010,4067702
20160509,5980,5990,5750,5800,1838806
20160510,5800,5940,5800,5920,881151
20160511,5960,5960,5810,5820,1116290
20160512,5780,5920,5760,5820,620877
20160513,5980,6450,5980,6400,6383394
20160516,6380,6380,6150,6260,2314997
20160517,6300,6430,6100,6100,1968914
20160518,6120,6200,6070,6110,846926
20160519,6060,6080,5750,5830,2653468
20160520,5820,5920,5810,5880,1044896
20160523,5830,5860,5710,5770,1075872
20160524,5770,5790,5650,5680,736549
20160525,5750,5790,5720,5750,1011777
20160526,5760,5790,5660,5730,662219
20160527,5750,5840,5690,5840,671715
20160530,5800,5880,5760,5780,871727
20160531,5780,5870,5750,5830,1928158
20160601,5830,5840,5760,5780,654491
20160602,5770,5790,5680,5720,926607
20160603,5690,5790,5690,5710,645753
20160607,5700,5880,5700,5860,751459
20160608,5900,6020,5860,6010,1117253
20160609,6020,6030,5940,5990,1622250
20160610,6020,6090,5970,5990,610129
20160613,5990,6010,5830,5850,508523
20160614,5860,5960,5830,5940,778295
20160615,5840,5910,5820,5860,526690
20160616,5880,5940,5830,5860,617847
20160617,5900,5950,5770,5830,570746
20160620,5800,5940,5800,5940,394604
20160621,5950,5960,5820,5830,586546
20160622,5810,5970,5810,5910,557855
20160623,5880,5930,5830,5920,291733
20160624,5940,5980,5610,5670,1212101
20160627,5440,5640,5440,5510,1181250
20160628,5430,5600,5430,5520,591736
20160629,5570,5740,5570,5610,801580
20160630,5650,5720,5560,5610,876906
20160701,5660,5830,5660,5790,731545
20160704,5750,5870,5750,5810,493383
20160705,5800,5850,5710,5740,565914
20160706,5730,5760,5630,5650,592396
20160707,5720,5760,5650,5690,359513
20160708,5670,5690,5540,5620,658544
20160711,5650,5810,5650,5750,516138
20160712,5750,5830,5750,5810,541130
20160713,5800,5850,5750,5750,619492
20160714,5770,5820,5760,5790,371481
20160715,5810,5870,5780,5790,673019
20160718,5800,5890,5800,5850,452380
20160719,5850,5910,5780,5830,363553
20160720,5890,5940,5830,5850,587036
20160721,5860,5890,5750,5770,793520
20160722,5770,5870,5770,5820,540249
20160725,5850,5970,5830,5910,569764
20160726,5940,6000,5900,5910,934550
20160727,5900,5980,5870,5890,837773
20160728,5900,5990,5880,5940,891084
20160729,5920,6240,5910,6220,2094274
20160801,6250,6320,6180,6190,1786471
20160802,6240,6250,6080,6080,970113
20160803,6030,6050,5910,5960,1382342
20160804,6020,6160,5960,6130,962388
20160805,6140,6230,6040,6170,953729
20160808,6200,6270,6090,6140,748585
20160809,6150,6200,6040,6080,1016647
20160810,6080,6170,6050,6100,619556
20160811,6130,6150,6050,6110,482498
20160812,6110,6260,6110,6240,865926
20160816,6320,6320,6150,6150,608169
20160817,6160,6190,6090,6140,461759
20160818,6150,6250,6100,6120,716189
20160819,6110,6250,6100,6230,1185631
20160822,6200,6230,6110,6130,683695
20160823,6130,6170,6020,6040,714634
20160824,6040,6050,5940,6000,839361
20160825,6030,6200,6010,6170,724674
20160826,6130,6230,6060,6160,547159
20160829,6140,6150,6010,6040,595948
20160830,6060,6150,6060,6070,291056
20160831,6080,6120,6010,6080,647438
20160901,6050,6110,6000,6060,319987
20160902,6010,6070,6000,6040,374131
20160905,6060,6160,6060,6140,391286
20160906,6160,6170,6100,6110,296656
20160907,6110,6170,6080,6090,398858
20160908,6120,6300,6100,6220,1745839
20160909,6250,6250,6130,6170,560994
20160912,6110,6140,6000,6000,774838
20160913,6070,6080,5930,5940,491967
20160919,5910,5970,5900,5950,565869
20160920,5910,5950,5880,5940,480933
20160921,5910,6020,5900,5990,443977
20160922,6060,6150,6030,6100,610804
20160923,6160,6180,6100,6130,414856
20160926,6220,6350,6190,6260,868279
20160927,6260,6300,6170,6270,556593
20160928,6300,6320,6210,6300,548958
20160929,6280,6490,6280,6440,1393926
20160930,6370,6440,6320,6360,684240
20161004,6400,6520,6400,6480,855237
20161005,6480,6510,6400,6480,433960
20161006,6450,6520,6420,6470,529902
20161007,6460,6620,6460,6570,861444
20161010,6640,6730,6620,6650,770515
20161011,6720,6750,6600,6690,670226
20161012,6700,6790,6640,6650,666493
20161013,6620,6660,6500,6520,628006
20161014,6520,6590,6500,6570,394137
20161017,6590,6620,6500,6570,805665
20161018,6510,6580,6500,6560,303183
20161019,6560,6600,6400,6410,622323
20161020,6420,6480,6350,6420,379119
20161021,6420,6450,6350,6380,237948
20161024,6390,6570,6390,6570,569852
20161025,6570,6580,6450,6550,385861
20161026,6560,6580,6330,6400,485765
20161027,6430,6490,6320,6460,519167
20161028,6430,6430,6320,6320,386419
20161031,6330,6470,6250,6330,557679
20161101,6300,6360,6140,6350,616264
20161102,6350,6350,6240,6270,443103
20161103,6330,6400,6230,6380,448375
20161104,6410,6410,6240,6250,331422
20161107,6390,6390,6230,6330,230738
20161108,6350,6480,6290,6480,277064
20161109,6480,6540,6110,6270,1086021
20161110,6630,6650,6460,6590,1990332
20161111,6910,7600,6600,6610,9857419
20161114,6610,6900,6430,6730,2924152
20161115,5970,6180,5750,5810,8759304
20161116,5710,5850,5420,5490,7375151
20161117,5450,5590,5450,5470,2071578
20161118,5510,5520,5240,5250,2423166
20161121,5260,5550,5250,5420,2134418
20161122,5520,5590,5440,5500,1285187
20161123,5500,5560,5440,5440,681928
20161124,5470,5490,5300,5310,700518
20161125,5320,5380,5090,5250,1263183
20161128,5250,5330,5160,5250,648904
20161129,5260,5330,5210,5250,508621
20161130,5270,5290,5170,5170,767767
20161201,5240,5310,5190,5190,572596
20161202,5200,5290,5180,5240,522720
20161205,5230,5250,5090,5170,632142
20161206,5200,5330,5120,5290,734963
20161207,5300,5300,5180,5210,626377
20161208,5260,5290,5180,5290,556677
20161209,5210,5210,5110,5140,1183862
20161212,5180,5250,5150,5170,682898
20161213,5200,5380,5160,5160,1411483
20161214,5220,5300,5200,5200,460455
20161215,5200,5240,5160,5210,547155
20161216,5220,5240,5140,5150,663194
20161219,5200,5200,5090,5110,629269
20161220,5140,5170,5080,5100,466657
20161221,5100,5140,5070,5110,327240
20161222,5130,5140,5070,5100,401473
20161223,5080,5150,5070,5150,340060
20161226,5190,5190,5100,5120,370768
20161227,5120,5140,5080,5100,365208
20161228,5080,5110,5050,5080,451722
20161229,5060,5130,5060,5080,329471
20170102,5120,5160,5090,5120,337791
20170103,5160,5220,5140,5200,535427
20170104,5200,5240,5180,5240,584839
20170105,5240,5250,5180,5200,506800
20170106,5240,5240,5190,5210,313339
20170109,5240,5290,5190,5270,680651
20170110,5260,5270,5200,5200,544405
20170111,5200,5420,5200,5390,1013391
20170112,5400,5540,5370,5490,1150590
20170113,5500,5510,5340,5420,782136
20170116,5460,5480,5280,5380,746149
20170117,5330,5420,5330,5410,359809
20170118,5400,5410,5330,5380,360888
20170119,5350,5450,5320,5340,328619
20170120,5360,5370,5300,5330,334277
20170123,5330,5400,5280,5290,417446
20170124,5260,5300,5190,5240,424463
20170125,5210,5280,5100,5110,803223
20170126,5130,5230,5120,5200,537159
20170131,5210,5240,5170,5180,402388
20170201,5230,5280,5200,5280,746819
20170202,5230,5320,5210,5270,904580
20170203,5280,5500,5270,5350,1436053
20170206,5510,5510,5380,5420,732868
20170207,5400,5450,5350,5400,572240
20170208,5370,5380,5270,5350,754736
20170209,5380,5880,5380,5840,4746627
20170210,5920,5980,5760,5830,2694168
20170213,5860,6080,5820,6010,2434697
20170214,6020,6130,5880,6130,1425775
20170215,6500,6510,6170,6270,3185984
20170216,6300,6380,6190,6250,914056
20170217,6200,6270,6170,6220,699234
20170220,6220,6230,6040,6120,772600
20170221,6130,6190,6080,6150,836782
20170222,6180,6230,6140,6230,497366
20170223,6230,6240,6160,6220,560958
20170224,6220,6220,6140,6180,475533
20170227,6160,6230,6160,6210,371758
20170228,6030,6140,5960,6130,1324044
20170302,6150,6160,6060,6120,709686
20170303,6060,6100,5990,6030,672617
20170306,6000,6120,5990,6090,548567
20170307,6060,6380,6060,6370,1464485
20170308,6400,6560,6300,6360,1197591
20170309,6360,6360,6230,6240,606150
20170310,6220,6300,6140,6250,472344
20170313,6260,6360,6170,6360,694239
20170314,6340,6440,6270,6370,1003245
20170315,6310,6480,6300,6380,884857
20170316,6440,6660,6440,6580,1339897
20170317,6670,6780,6540,6690,1591133
20170320,6680,6780,6610,6720,902633
20170321,6790,6920,6710,6870,1416879
20170322,6860,7020,6800,6940,1976295
20170323,7030,7320,7000,7280,2109328
20170324,7290,7310,7010,7060,1669870
20170327,7060,7150,6940,7010,1079308
20170328,7040,7370,7020,7320,1388249
20170329,7320,7330,7170,7230,722384
20170330,7250,7250,7050,7210,842066
20170331,7210,7340,7130,7250,781679
20170403,7250,7260,7130,7170,645719
20170404,7180,7220,7080,7170,823907
20170405,7180,7280,7130,7170,947900
20170406,7160,7220,7120,7190,373754
20170407,7190,7230,7130,7200,332690
20170410,7140,7240,6980,7080,836997
20170411,7040,7180,7030,7130,557485
20170412,7130,7160,7070,7110,453222
20170413,6790,6870,6670,6780,10426634
20170414,6820,6860,6780,6820,1024041
20170417,6860,6930,6810,6880,705817
20170418,6860,6950,6840,6910,849937
20170419,6880,6980,6880,6930,726707
20170420,6900,7120,6860,7070,978857
20170421,7100,7210,7070,7110,1095646
20170424,7150,7220,7150,7220,1024038
